Supplier Code,Product ID #,Product Name,Product Description,Imprint Size,Color Name,Color Value,Inventory Level,Quantity Min,Quantity Max,Price,Discount Code,Quantity Min,Quantity Max,Price,Discount Code,Quantity Min,Quantity Max,Price,Discount Code,Quantity Min,Quantity Max,Price,Discount Code,Quantity Min,Quantity Max,Price,Discount Code
APLUSWINEDESIGNS,501E,Rustic Laser Engraved Standard Wood Box,"Laser engraved rustic wood gift box with rope handle. Box fits a single wine
bottle, two stemless wine glasses, or two rocks glasses. Lid is a slide top.
Will make a great presentation for your thank you gift or award. Box fits most
wine and champagne bottles. Inside dimensions: 12.875"" h x 3.25"" w x 3.5"" d.
Optional excelsior wood shavings or crinkle paper is available.",,,,,12,47,40.0667,R,48,107,33.4667,R,108,203,30,R,204,299,27.3667,R,300,600,26.6833,R
APLUSWINEDESIGNS,501E,Rustic Laser Engraved Standard Wood Box,,,0,,,,,,,,,,,,,,,,,,,,
APLUSWINEDESIGNS,501FauxE,Branded Black Faux Leather Box,"Laser etched gift box that fits a single bottle of most wine or champagne. A
beautiful and classy way to display any wine gift. Inside dimensions are 13.25""
h x 3.75"" w x 3.75""d.",,,,,12,47,48.9833,R,48,107,44.5333,R,108,203,41.25,R,204,299,38.9833,R,300,600,38.4833,R
APLUSWINEDESIGNS,501FauxE,Branded Black Faux Leather Box,,,0,,,,,,,,,,,,,,,,,,,,
APLUSWINEDESIGNS,501LE,Rustic Laser Engraved Liquor Wood Box,"Laser engraved rustic wood gift box with rope handle. Box fits a variety of
different liquor options. Lid is a slide top. Will make a great presentation for
your thank you gift or award. Optional excelsior wood shavings or crinkle paper
is available. Inside Dimensions 12"" x 6"" x 4.5.""",,,,,12,47,45.5667,R,48,107,41.1167,R,108,203,37.3333,R,204,299,31.4,R,300,600,29.0667,R
APLUSWINEDESIGNS,501LE,Rustic Laser Engraved Liquor Wood Box,,,0,,,,,,,,,,,,,,,,,,,,
APLUSWINEDESIGNS,501ME,Rustic Laser Engraved Magnum Wood Box,"Laser engraved rustic wood gift box with rope handle. Box fits a single magnum
1.5L wine bottle. Lid is a slide top. Will make a great presentation for your
thank you gift or award. Box fits most wine and champagne bottles. Inside
dimensions: 16.25"" h x 5.5"" w x 4.25"" d. Removable neck cradle for additional
support fits at 11.125"" h. Optional excelsior wood shavings or crinkle paper is
available.",,,,,12,47,56.1333,R,48,107,50.8167,R,108,203,43.3,R,204,299,41.2333,R,300,600,39.8667,R
APLUSWINEDESIGNS,501ME,Rustic Laser Engraved Magnum Wood Box,,,0,,,,,,,,,,,,,,,,,,,,
APLUSWINEDESIGNS,501RE,Rustic Laser Engraved Wood Box,"Laser engraved rustic wood gift box with rope handle. Box fits our Romeo &
Guilietta olive oil and balsamic gift set. Box will also fit a bottle of Patron
tequila. Lid is a slide top. Will make a great presentation for your thank you
gift or award. Inside dimensions: 9.25"" h x 5.625"" w x 4.5"" d. Optional
excelsior wood shavings or crinkle paper is available.",,,,,12,47,43.7333,R,48,107,37.8667,R,108,203,33.6667,R,204,299,29.5667,R,300,600,27.2333,R
APLUSWINEDESIGNS,501RE,Rustic Laser Engraved Wood Box,,,0,,,,,,,,,,,,,,,,,,,,
APLUSWINEDESIGNS,502E,Rustic Laser Engraved Double Wood Box,"Laser engraved rustic wood gift box with rope handle. Box fits a two wine
bottles, or one wine bottle with two stemless wine glasses or two rocks glasses.
Lid is a slide top. Will make a great presentation for your thank you gift or
award. Box fits most wine and champagne bottles. Inside dimensions: 12.875"" h x
7.25"" w x 3.5"" d. Optional excelsior wood shavings or crinkle paper is
available. Wood dividers are removable.",,,,,12,47,56.75,R,48,107,47.2167,R,108,203,40.35,R,204,299,36.9833,R,300,600,34.15,R
APLUSWINEDESIGNS,502E,Rustic Laser Engraved Double Wood Box,,,0,,,,,,,,,,,,,,,,,,,,
APLUSWINEDESIGNS,502HE,Rustic Laser Engraved Half Size Double Wood Box,"Laser engraved rustic wood gift box with rope handle. Box fits a two 375ml wine
bottles, two 250ml olive oil/ vinegar bottles, or two 187ml wine bottles. Lid is
a slide top. Will make a great presentation for your thank you gift or award.
Optional excelsior wood shavings or crinkle paper is available. Wood dividers
are removable. Inside dimensions 10 3/16 x 6 13/16 x 3 3/4.",,,,,12,47,43.0833,R,48,107,37.6833,R,108,203,31.7333,R,204,299,29.7333,R,300,600,28.2833,R
APLUSWINEDESIGNS,502HE,Rustic Laser Engraved Half Size Double Wood Box,,,0,,,,,,,,,,,,,,,,,,,,
APLUSWINEDESIGNS,503CE,Rustic Laser Engraved Compartment Gift Set Wood Box,"Laser engraved rustic wood gift box with rope handle. Lid is a slide top. This
box is great to use a liquor gift set, or any creative ideas you may have. Will
make a great presentation for your thank you gift or award. Optional excelsior
wood shavings or crinkle paper is available. Inside dimensions for large slot
10.75""x 4"" x 4,"" inside dimensions for smaller slots 5.125"" x 6"" x 4.""",,,,,12,47,56.75,R,48,107,47.55,R,108,203,40.35,R,204,299,36.9833,R,300,600,34.15,R
APLUSWINEDESIGNS,503CE,Rustic Laser Engraved Compartment Gift Set Wood Box,,,0,,,,,,,,,,,,,,,,,,,,
APLUSWINEDESIGNS,503E,Rustic Laser Engraved Triple Wood Box,"Laser engraved rustic wood gift box with rope handle. Box fits three wine
bottles or two bottle with two stemless wine glasses or rocks glasses. Lid is a
slide top. Will make a great presentation for your thank you gift or award. Box
fits most wine and champagne bottles. Inside dimensions: 12.75"" h x 11.75"" w x
3.5"" d"". Optional excelsior wood shavings or crinkle paper is available. Wood
dividers are removable.",,,,,12,47,68.3333,R,48,107,56.6667,R,108,203,51.6667,R,204,299,48.3333,R,300,600,45,R
APLUSWINEDESIGNS,503E,Rustic Laser Engraved Triple Wood Box,,,0,,,,,,,,,,,,,,,,,,,,
APLUSWINEDESIGNS,50BkSatin,Black Satin Wine Bag,"Treat your favorite wine to a little bit of luxury with these elegant Satin Wine
Bags. These bags are made with a coordinating satin drawstring for easy closure
and envelope-style bottom. Add a touch of class to any bottle of wine.",,,,,12,24,5.4167,R
APLUSWINEDESIGNS,50BkSatin,Black Satin Wine Bag,,,0,,,,,,,,,,,,,,,,,,,,
APLUSWINEDESIGNS,50BuSatin,Burgundy Satin Wine Bag,"Treat your favorite wine to a little bit of luxury with these elegant Satin Wine
Bags. These bags are made with a coordinating satin drawstring for easy closure
and envelope-style bottom. Add a touch of class to any bottle of wine.",,,,,12,24,5.4167,R
APLUSWINEDESIGNS,50BuSatin,Burgundy Satin Wine Bag,,,0,,,,,,,,,,,,,,,,,,,,
APLUSWINEDESIGNS,50Can,Rustic Laser Engraved Wood Box with 4 Canned Wines,"Gift set includes your choice of 4 canned wines inside our slide top wood box
laser engraved with your message or company logo. Canned wine is available in
Pinot Noir, Red Blend, Chardonnay, Sauvignon Blanc, Rose Rose Bubbles, and Brut
Bubbles. Cans are nestled in excelsior wood shavings to complete the
presentation. An impressive holiday or thank you gift for clients and friends.
Box dimensions are 12"" 7/8 wide x 6 7/8"" tall x 3 7/8"" deep.",,,,,12,47,79.6667,R,48,107,71.6333,R,108,203,66.5167,R,204,299,63.9167,R,300,600,63.25,R
APLUSWINEDESIGNS,50Can,Rustic Laser Engraved Wood Box with 4 Canned Wines,,,0,,,,,,,,,,,,,,,,,,,,
APLUSWINEDESIGNS,50GOrganza,Gold Organza Wine Bag,"Treat your favorite wine to a little bit of luxury with these elegant Organza
Wine Bags. These bags are made with a coordinating satin drawstring for easy
closure. Add a touch of class to any bottle of wine.",,,,,12,24,2.5,R
APLUSWINEDESIGNS,50GOrganza,Gold Organza Wine Bag,,,0,,,,,,,,,,,,,,,,,,,,
APLUSWINEDESIGNS,50SOrganza,Silver Organza Wine Bag,"Treat your favorite wine to a little bit of luxury with these elegant Organza
Wine Bags. These bags are made with a coordinating satin drawstring for easy
closure. Add a touch of class to any bottle of wine.",,,,,12,24,2.5,R
APLUSWINEDESIGNS,50SOrganza,Silver Organza Wine Bag,,,0,,,,,,,,,,,,,,,,,,,,
APLUSWINEDESIGNS,BGBE1-130,Branded Black Faux Leather Box with Custom Etched Wine with 1 Color Fill,"Our branded black faux leather gift box fits a single bottle of most wine. The
wine is nestled in with our crinkle paper with a magnetic closer. A beautiful
and classy way to display any wine or champagne. Inside dimensions are 13.25"" h
x 3.75"" w x 3.75.""",,,,,12,47,107.7,R,48,107,98.1167,R,108,203,91.0167,R,204,299,86,R,300,600,83.5667,R
APLUSWINEDESIGNS,BGBE1-130,Branded Black Faux Leather Box with Custom Etched Wine with 1 Color Fill,,,0,,,,,,,,,,,,,,,,,,,,
APLUSWINEDESIGNS,BubblesInABox,Rustic Laser Engraved Wood Box with 2 Etched Mini Bubbles & 2 Etched Glasses,"Gift set includes 2 mini sparkling wines etched w/ a one color fill & 2 etched
stemless flutes inside our slide top wood box laser engraved with your message
or company logo. Name brand wine and non-alcoholic options are available.
Pricing may vary. The mini sparkling wines and glasses are nestled in excelsior
wood shavings to complete the presentation. An impressive holiday or thank you
gift for clients and friends. Box dimensions are 12.5"" x 9.25"" x 3.5.""",,,,,12,47,128.2,R,48,107,116.45,R,108,203,114.0333,R,204,299,109.1,R,300,600,106.35,R
APLUSWINEDESIGNS,BubblesInABox,Rustic Laser Engraved Wood Box with 2 Etched Mini Bubbles & 2 Etched Glasses,,,0,,,,,,,,,,,,,,,,,,,,
APLUSWINEDESIGNS,ChocolateKiss,"Rustic Laser Engraved Wood Box w/ Etched Wine, Etched Glasses & Chocolates","Gift set includes 1 wine etched with one color fill, 2 etched stemless wine
glasses and chocolates inside our slide top wood box laser engraved with your
message or company logo. Chocolates may vary. Name brand wine options available.
An impressive holiday or thank you gift for clients and friends. Inside Box
dimensions are 12.875"" h x 7.25"" w x 3.5"" d.",,,,,12,47,187.95,R,48,107,168.8167,R,108,203,149.6667,R,204,299,140.25,R,300,600,134.9833,R
APLUSWINEDESIGNS,ChocolateKiss,"Rustic Laser Engraved Wood Box w/ Etched Wine, Etched Glasses & Chocolates",,,0,,,,,,,,,,,,,,,,,,,,
APLUSWINEDESIGNS,E-120,Etched Chardonnay White Wine with No Color Fill,"750ml, Chardonnay white wine etched with optional color fills. All bottles are
hand-crafted by artisans in our CA facility. Custom etch corporate logos and
personalized text for an impressive presentation for your next special occasion
like weddings, retirements or birthday parties, and sales celebrations.",,,,,12,47,52.8833,R,48,107,49.25,R,108,203,43.9333,R,204,299,41.1833,R,300,600,39.25,R
APLUSWINEDESIGNS,E-120,Etched Chardonnay White Wine with No Color Fill,,,0,,,,,,,,,,,,,,,,,,,,
APLUSWINEDESIGNS,E-124,Etched Non-Alcholic Sparkling Grape Juice with No Color Fill,"750ml, non-alcoholic sparkling grape juice with deep hand etching and optional
hand painted color fills. It has better bubbly pop than cider, more similar to a
champagne. Custom etch corporate logos and personalized text for a striking
presentation for your next special occasion. Great for parties and celebrations.",,,,,12,47,52.8833,R,48,107,49.25,R,108,203,43.9333,R,204,299,41.1833,R,300,600,39.25,R
APLUSWINEDESIGNS,E-124,Etched Non-Alcholic Sparkling Grape Juice with No Color Fill,,,0,,,,,,,,,,,,,,,,,,,,
APLUSWINEDESIGNS,E-126,Etched CA Champagne Sparkling Wine with No Color Fill,"750ml, California Champagne sparkling white wine with deep hand etching and
optional color fill. Custom etch corporate logos and personalized text for a
striking presentation for your next special occasion: weddings, birthday
parties, and retirement celebrations. Great as holiday gifts or real estate
sales celebration.",,,,,12,47,52.8833,R,48,107,49.25,R,108,203,43.9333,R,204,299,41.1833,R,300,600,39.25,R
APLUSWINEDESIGNS,E-126,Etched CA Champagne Sparkling Wine with No Color Fill,,,0,,,,,,,,,,,,,,,,,,,,
APLUSWINEDESIGNS,E-130,Etched Cabernet Sauvignon Red Wine with No Color Fill,"750ml, Cabernet Sauvignon red wine with deep hand etching and optional hand
painted color fills. All bottles are hand-crafted by artisans in our CA
facility. Custom etch corporate logos and personalized text for a striking
presentation for your next special occasion: weddings, birthday parties, and
retirement celebrations.",,,,,12,47,52.8833,R,48,107,49.25,R,108,203,43.9333,R,204,299,41.1833,R,300,600,39.25,R
APLUSWINEDESIGNS,E-130,Etched Cabernet Sauvignon Red Wine with No Color Fill,,,0,,,,,,,,,,,,,,,,,,,,
APLUSWINEDESIGNS,E-131,Etched Pinot Noir Red Wine with No Color Fill,"750ml, Pinot Noir red wine with deep hand etching and optional hand painted
color fills. All bottles are hand-crafted by artisans in our CA facility. Custom
etch corporate logos and personalized text for a striking presentation for your
next special occasion: weddings, birthday parties, and retirement celebrations.",,,,,12,47,52.8833,R,48,107,49.25,R,108,203,43.9333,R,204,299,41.1833,R,300,600,39.25,R
APLUSWINEDESIGNS,E-131,Etched Pinot Noir Red Wine with No Color Fill,,,0,,,,,,,,,,,,,,,,,,,,
APLUSWINEDESIGNS,E-EVOO,Etched Extra Virgin Olive Oil with No Color Fill,"500ml, high quality gourmet Extra Virgin Olive Oil. The flavor is full of
lemons, apples, and nuts with some punchy pepper and a sweet finish. Deep etched
and hand painted for a high end presentation for executive and thank you gifts
and employee recognition.",,,,,12,36,38.65,R,37,144,34.65,R,145,299,31.65,R,300,600,28.65,R
APLUSWINEDESIGNS,E-EVOO,Etched Extra Virgin Olive Oil with No Color Fill,,,0,,,,,,,,,,,,,,,,,,,,
APLUSWINEDESIGNS,E-Flute,Champagne Flute,"8 oz. Traditional champagne flute with deep etch. Custom etch corporate logos
and personalized text for a striking presentation for your next special
occasion. Great add on for champagne gift sets!",,,,,12,47,12.975,V,48,107,12.875,V,108,203,12.6875,V,204,299,12.3125,V,300,600,12.2,V
APLUSWINEDESIGNS,E-Flute,Champagne Flute,,,0,,,,,,,,,,,,,,,,,,,,
APLUSWINEDESIGNS,E-Margarita,Margarita Glass,"11 oz. Rocks glass with deep etch. Custom etch corporate logos and personalized
text for a striking presentation for your next special occasion. Perfect add on
for any liquor gift set or whiskey lover!",,,,,12,47,13.6375,V,48,107,13.5375,V,108,203,13.35,V,204,299,12.975,V,300,600,12.8625,V
APLUSWINEDESIGNS,E-Margarita,Margarita Glass,,,0,,,,,,,,,,,,,,,,,,,,
APLUSWINEDESIGNS,E-Pint,Pint Glass,"16 oz. Beer pint glass with deep etch. Custom etch corporate logos and
personalized text for a striking presentation for your next special occasion.
Great idea for any beer lover!",,,,,12,47,11.5875,V,48,107,11.4875,V,108,203,11.3,V,204,299,10.925,V,300,600,10.8125,V
APLUSWINEDESIGNS,E-Pint,Pint Glass,,,0,,,,,,,,,,,,,,,,,,,,
APLUSWINEDESIGNS,E-Rocks,Rocks Glass,"11 oz. Rocks glass with deep etch. Custom etch corporate logos and personalized
text for a striking presentation for your next special occasion. Perfect add on
for any liquor gift set or whiskey lover!",,,,,12,47,11.5875,V,48,107,11.4875,V,108,203,11.3,V,204,299,10.925,V,300,600,10.8125,V
APLUSWINEDESIGNS,E-Rocks,Rocks Glass,,,0,,,,,,,,,,,,,,,,,,,,
APLUSWINEDESIGNS,E-Shot,Tall Shot Glass,"2.75 oz. Tall shot glass with deep etch. Custom etch corporate logos and
personalized text for a striking presentation for your next special occasion.
The perfect addition for any vodka, whiskey, or tequila project!",,,,,12,47,9.5375,V,48,107,9.5,V,108,203,9.375,V,204,299,9.25,V,300,600,9.125,V
APLUSWINEDESIGNS,E-Shot,Tall Shot Glass,,,0,,,,,,,,,,,,,,,,,,,,
APLUSWINEDESIGNS,E-StemlessFlute,Stemless Champagne Flute,"8.5 oz. Stemless champagne flute with deep etching. Custom etch corporate logos
and personalized text for a striking presentation for your next special
occasion. Great add on for your bubbly gift set! 5 3/4"" tall by 2 1/4"" wide.",,,,,12,47,12.15,V,48,107,12.1125,V,108,203,11.9875,V,204,299,11.8625,V,300,600,11.7375,V
APLUSWINEDESIGNS,E-StemlessFlute,Stemless Champagne Flute,,,0,,,,,,,,,,,,,,,,,,,,
APLUSWINEDESIGNS,E-StemlessWine,Stemless Wine Glass,"17 oz. Stemless wine glass with deep etching. Custom etch corporate logos and
personalized text for a striking presentation for your next special occasion.
Great add on for any wine gift set! 4 5/8"" tall by 3 1/2"" wide.",,,,,12,47,12.15,V,48,107,12.1125,V,108,203,11.9875,V,204,299,11.8625,V,300,600,11.7375,V
APLUSWINEDESIGNS,E-StemlessWine,Stemless Wine Glass,,,0,,,,,,,,,,,,,,,,,,,,
APLUSWINEDESIGNS,E-WineGlass,Wine Glass,"16 oz. Wine glass with deep etch. Custom etch corporate logos and personalized
text for a striking presentation for your next special occasion. Great add on
for any wine gift set!",,,,,12,47,12.4,V,48,107,12.3625,V,108,203,12.2375,V,204,299,12.1125,V,300,600,11.9875,V
APLUSWINEDESIGNS,E-WineGlass,Wine Glass,,,0,,,,,,,,,,,,,,,,,,,,
APLUSWINEDESIGNS,E1-120,Etched Chardonnay White Wine with 1 Color Fill,"750ml, Chardonnay white wine etched with optional color fills. All bottles are
hand-crafted by artisans in our CA facility. Custom etch corporate logos and
personalized text for an impressive presentation for your next special occasion
like weddings, retirements or birthday parties, and sales celebrations.",,,,,12,47,58.7167,R,48,107,53.5833,R,108,203,49.7667,R,204,299,47.0167,R,300,600,45.0833,R
APLUSWINEDESIGNS,E1-120,Etched Chardonnay White Wine with 1 Color Fill,,,0,,,,,,,,,,,,,,,,,,,,
APLUSWINEDESIGNS,E1-120-RMNapaValley,Etched Robert Mondavi Napa Valley Chardonnay with 1 Color Fill,"750ml, Tantalizing ripe Asian pear, red apple fruit and crème brulée mingle
beautifully with toasted almonds and hazelnuts, a touch of lemon rind, and
ginger spice, which all flow seamlessly across the palate in this classic Napa
Valley Chardonnay.",,,,,12,47,78.3667,R,48,107,69.4333,R,108,203,65.3167,R,204,299,62.3,R,300,600,60.1833,R
APLUSWINEDESIGNS,E1-120-RMNapaValley,Etched Robert Mondavi Napa Valley Chardonnay with 1 Color Fill,,,0,,,,,,,,,,,,,,,,,,,,
APLUSWINEDESIGNS,E1-120-Rombauer,Etched Rombauer Chardonnay with 1 Color Fill,"750ml, Pale yellow with a green tinge to the hue. Aromas of yellow peach, mango
with a slight citrus note intertwine seamlessly with vanilla spice. The palate
is rich and round, with the mango and vanilla fight for the lime light, while
the creamy texture, vanilla and slight butter combine seamlessly. The balanced
acidity closes out the finish bringing the multiple components into balance.",,,,,12,47,108.9167,R,48,107,103.5667,R,108,203,99.45,R,204,299,96.4333,R,300,600,94.3167,R
APLUSWINEDESIGNS,E1-120-Rombauer,Etched Rombauer Chardonnay with 1 Color Fill,,,0,,,,,,,,,,,,,,,,,,,,
APLUSWINEDESIGNS,E1-120Decoy,Etched Duckhorn Decoy Chardonnay with 1 Color Fill,"750ml, This deliciously bright and inviting Chardonnay offers layers of apricot,
citrus and summer melon, as well as hints of fresh honeysuckle. On the palate,
the lovely pure fruit flavors are underscored by delicate acidity and a supple
richness from the sur lie aging.",,,,,12,47,80.3333,R,48,107,74.9833,R,108,203,70.8667,R,204,299,67.85,R,300,600,65.7333,R
APLUSWINEDESIGNS,E1-120Decoy,Etched Duckhorn Decoy Chardonnay with 1 Color Fill,,,0,,,,,,,,,,,,,,,,,,,,
APLUSWINEDESIGNS,E1-124,Etched Non-Alcholic Sparkling Grape Juice with 1 Color Fill,"750ml, non-alcoholic sparkling grape juice with deep hand etching and optional
hand painted color fills. It has better bubbly pop than cider, more similar to a
champagne. Proud to have a 5 Star rating for 15 years making us the highest
quality custom labeling and etching company in the industry! Custom etch
corporate logos and personalized text for a striking presentation for your next
special occasion. Great for parties and celebrations.",,,,,12,47,58.7167,R,48,107,53.5833,R,108,203,49.7667,R,204,299,47.0167,R,300,600,45.8333,R
APLUSWINEDESIGNS,E1-124,Etched Non-Alcholic Sparkling Grape Juice with 1 Color Fill,,,0,,,,,,,,,,,,,,,,,,,,
APLUSWINEDESIGNS,E1-125MummGrand,Etched Mumm Brut Grand Cordon with 1 Color Fill,"750ml, Exuberant bubbles and a brilliant, golden colour testify to the vibrancy
of this champagne. Lush aromas of ripe peach, apricot and pineapple cascade from
the glass, chased by hints of vanilla and caramel, yeast, dried fruit and honey.
Intense, complex flavors of fresh fruit and caramel that morph into a long,
lingering finish.",,,,,12,47,123.27,R,48,107,117.87,R,108,203,114.67,R,204,299,111.92,R,300,600,110,R
APLUSWINEDESIGNS,E1-125MummGrand,Etched Mumm Brut Grand Cordon with 1 Color Fill,,,0,,,,,,,,,,,,,,,,,,,,
APLUSWINEDESIGNS,E1-125Nicolas,Etched Nicolas Feuillatte with 1 Color Fill,"750ml, Light, fresh and vibrant Champagne, effusing intense, expressive fruit,
while extensive cellar-ageing brings appealing maturity to perfect style and
consistency. Aromas of juicy pear and crunchy apricot merge and weave in a
beguiling fusion around a mass of delicate bubbles.",,,,,12,47,106.3333,R,48,107,97.4167,R,108,203,93.3,R,204,299,90.2833,R,300,600,88.1667,R
APLUSWINEDESIGNS,E1-125Nicolas,Etched Nicolas Feuillatte with 1 Color Fill,,,0,,,,,,,,,,,,,,,,,,,,
APLUSWINEDESIGNS,E1-125Taittinger,Etched Taittinger with 1 Color Fill,"750ml, This champagne delivers aromas of fruit and brioche. It also gives off
the fragrance of peach, white flowers (hawthorn, acacia) and vanilla pod.The
entry onto the palate is lively, fresh and in total harmony. This is a delicate
wine with flavours of fresh fruit and honey.",,,,,12,47,106.3333,R,48,107,97.4167,R,108,203,93.3,R,204,299,90.2833,R,300,600,88.1667,R
APLUSWINEDESIGNS,E1-125Taittinger,Etched Taittinger with 1 Color Fill,,,0,,,,,,,,,,,,,,,,,,,,
APLUSWINEDESIGNS,E1-126,Etched CA Champagne Sparkling Wine with 1 Color Fill,"750ml, California Champagne sparkling white wine with deep hand etching and
optional color fill. Proud to have a 5 Star rating for 15 years making us the
highest quality custom labeling and etching company in the industry! Custom etch
corporate logos and personalized text for a striking presentation for your next
special occasion: weddings, birthday parties, and retirement celebrations. Great
as holiday gifts or real estate sales celebration.",,,,,12,47,58.4333,R,48,107,53.0833,R,108,203,48.9667,R,204,299,45.95,R,300,600,43.8333,R
APLUSWINEDESIGNS,E1-126,Etched CA Champagne Sparkling Wine with 1 Color Fill,,,0,,,,,,,,,,,,,,,,,,,,
APLUSWINEDESIGNS,E1-126-Sofia,Etched Sparkling Coppola Sofia Rose with 1 Color Fill,"750ml, Styled after the sparkling rosés in France, Sofia Brut Rosé offers light
effervescence, crisp natural acidity, and a light creamy texture.",,,,,12,47,72,R,48,107,63,R,108,203,60,R,204,299,57,R,300,600,55,R
APLUSWINEDESIGNS,E1-126-Sofia,Etched Sparkling Coppola Sofia Rose with 1 Color Fill,,,0,,,,,,,,,,,,,,,,,,,,
APLUSWINEDESIGNS,E1-126Mumm,Etched Mumm Napa Brut Prestige with 1 Color Fill,"750ml, A complex assemblage of primarily Pinot Noir and Chardonnay, Brut
Prestige opens with gorgeous layered white blossom aromas, followed by creamy
vanilla, citrus, stone fruit and melon. With elegant acidity and crisp
structure, this medium-bodied sparkling wine displays an excellent mousse and a
rich, lingering finish. Refreshing acidity and fruit character makes Brut
Prestige an excellent food wine.",,,,,12,47,75.13,R,48,107,67.35,R,108,203,64.15,R,204,299,61.4,R,300,600,59.48,R
APLUSWINEDESIGNS,E1-126Mumm,Etched Mumm Napa Brut Prestige with 1 Color Fill,,,0,,,,,,,,,,,,,,,,,,,,
APLUSWINEDESIGNS,E1-130,Etched Cabernet Sauvignon Red Wine with 1 Color Fill,"750ml, Cabernet Sauvignon red wine with deep hand etching and optional hand
painted color fills. Proud to have a 5 Star rating for 15 years making us the
highest quality custom labeling and etching company in the industry! All bottles
are hand-crafted by artisans in our CA facility. Custom etch corporate logos and
personalized text for a striking presentation for your next special occasion:
weddings, birthday parties, and retirement celebrations.",,,,,12,47,58.7167,R,48,107,53.5833,R,108,203,49.7667,R,204,299,47.0167,R,300,600,45.8333,R
APLUSWINEDESIGNS,E1-130,Etched Cabernet Sauvignon Red Wine with 1 Color Fill,,,0,,,,,,,,,,,,,,,,,,,,
APLUSWINEDESIGNS,E1-130-Coppola,Etched Coppola Cabernet with 1 Color Fill,"750ml, A powerfully complex wine with a classic flavor profile and youthful
maturity. Deep hand etched and hand painted with one color fill.",,,,,12,47,71.5,R,48,107,62.52,R,108,203,59.32,R,204,299,56.57,R,300,600,54.65,R
APLUSWINEDESIGNS,E1-130-Coppola,Etched Coppola Cabernet with 1 Color Fill,,,0,,,,,,,,,,,,,,,,,,,,
APLUSWINEDESIGNS,E1-130-Daou,Etched Daou Cabernet with 1 Color Fill,"750ml, Smooth, yet robust aromas of blackberry, black currant, and blueberries
are infused with sage, dried herbs, espresso bean, and dark chocolate. Secondary
aromas of hints of cigar box and vanilla fill the nose. Bold and full-bodied on
the palate, this wine offers flavors of dark cherry and cassis with subtle mocha
and truffle nuances. A firm but smooth texture of pure blackberry fruit and
coffee brings this balanced wine a well-rounded finish backed by a great tannin
structure.",,,,,12,47,88.23,R,48,107,74.43,R,108,203,71.23,R,204,299,68.48,R,300,600,66.57,R
APLUSWINEDESIGNS,E1-130-Daou,Etched Daou Cabernet with 1 Color Fill,,,0,,,,,,,,,,,,,,,,,,,,
APLUSWINEDESIGNS,E1-130-Jordan,Etched Jordan Cabernet with 1 Color Fill,"750ml, Complex and vibrant aromas of red plum, anise, cherry, violets, and
tobacco accentuated by notes of black currant, dried herbs, toasted oak, and
cocoa. Elegant and supple texture on the palate make the frame for generous
flavors of sweet plum and dark cherry, with notes of vanilla and mocha. Silky
tannins and well-integrated structure tie together and linger in the finish.
Deep hand etched and hand painted with one color fill.",,,,,12,47,146.57,R,48,107,141.17,R,108,203,137.97,R,204,299,135.22,R,300,600,133.3,R
APLUSWINEDESIGNS,E1-130-Jordan,Etched Jordan Cabernet with 1 Color Fill,,,0,,,,,,,,,,,,,,,,,,,,
APLUSWINEDESIGNS,E1-130-RMNapaValley,Etched Robert Mondavi Napa Valley Cabernet with 1 Color Fill,"750ml, Aromas of blackberry, black pepper, blackcurrant, vanilla and spice.
Tasting this velvety smooth wine reveals more blackberry, licorice and oaky
spice. The wine is probably still a bit young, yet still plenty good after it
has a bit of time to breathe. A great match for a steak now, or give it a few
more years and watch it develop even more. It ends very dry with good length and
features lingering fruit and oak. Deep hand etched and hand painted with one
color fill.",,,,,12,47,95.37,R,48,107,86.4,R,108,203,83.2,R,204,299,80.45,R,300,600,78.45,R
APLUSWINEDESIGNS,E1-130-RMNapaValley,Etched Robert Mondavi Napa Valley Cabernet with 1 Color Fill,,,0,,,,,,,,,,,,,,,,,,,,
APLUSWINEDESIGNS,E1-130-RMPS,Etched Robert Mondavi Private Select Cabernet with 1 Color Fill,"750ml Aromas of black cherry, blackberry, vanilla, toasty oak and coffee. Ripe
and elegant, with soft red and black fruit flavors and gentle tannins, this wine
was aged in a combination of American and French oak. Deep hand etched and hand
painted with one color fill.",,,,,12,47,95.37,R,48,107,86.4,R,108,203,83.2,R,204,299,80.45,R,300,600,78.45,R
APLUSWINEDESIGNS,E1-130-RMPS,Etched Robert Mondavi Private Select Cabernet with 1 Color Fill,,,0,,,,,,,,,,,,,,,,,,,,
APLUSWINEDESIGNS,E1-130Decoy,Etched Duckhorn Decoy Cabernet with 1 Color Fill,"750ml, From its deep, inviting color to its enticing aromas of blackberry,
currant and cocoa, this wine showcases what we love about great Sonoma County
Cabernet Sauvignon. On the palate, the lush fruit flavors are framed by rich
tannins and hints of sweet oak and spice.",,,,,12,47,83.87,R,48,107,78.47,R,108,203,75.27,R,204,299,72.52,R,300,600,70.6,R
APLUSWINEDESIGNS,E1-130Decoy,Etched Duckhorn Decoy Cabernet with 1 Color Fill,,,0,,,,,,,,,,,,,,,,,,,,
APLUSWINEDESIGNS,E1-130TPL,Etched Double Magnum Cabernet Sauvignon Red Wine 3L with 1 Color Fill,"3L, California Cabernet Sauvignon red wine with deep hand etching and optional
hand painted color fills. Proud to have a 5 Star rating for 15 years making us
the highest quality custom labeling and etching company in the industry! All
bottles are hand-crafted by artisans in our CA facility. Custom etch corporate
logos and personalized text for a striking presentation for your next special
occasion: weddings, birthday parties, and retirement celebrations.",,,,,1,11,363.3333,R,12,23,337.8667,R,24,47,330.5333,R,48,96,314.4,R
APLUSWINEDESIGNS,E1-130TPL,Etched Double Magnum Cabernet Sauvignon Red Wine 3L with 1 Color Fill,,,0,,,,,,,,,,,,,,,,,,,,
APLUSWINEDESIGNS,E1-131,Etched Pinot Noir Red Wine with 1 Color Fill,"750ml, California Pinot Noir red wine with deep hand etching and optional hand
painted color fills. Proud to have a 5 Star rating for 15 years making us the
highest quality custom labeling and etching company in the industry! All bottles
are hand-crafted by artisans in our CA facility. Custom etch corporate logos and
personalized text for a striking presentation for your next special occasion:
weddings, birthday parties, and retirement celebrations.",,,,,12,47,58.7167,R,48,107,53.5833,R,108,203,49.7667,R,204,299,47.0167,R,300,600,45.8333,R
APLUSWINEDESIGNS,E1-131,Etched Pinot Noir Red Wine with 1 Color Fill,,,0,,,,,,,,,,,,,,,,,,,,
APLUSWINEDESIGNS,E1-144-CoppolaRose,Etched Coppola Rose Pinot Noir with 1 Color Fill,"750ml, Coppola Diamond Collection Rosé is light in character and elegant on the
palate. Pleasant summer fruits are beautifully balanced by crisp, natural
acidity.",,,,,12,47,71.5,R,48,107,62.52,R,108,203,59.32,R,204,299,56.57,R,300,600,54.65,R
APLUSWINEDESIGNS,E1-144-CoppolaRose,Etched Coppola Rose Pinot Noir with 1 Color Fill,,,0,,,,,,,,,,,,,,,,,,,,
APLUSWINEDESIGNS,E1-144-Flowers,Etched Flowers Rose with 1 Color Fill,"750ml, Elegant and distinct with aromas of peach, strawberry, and subtle hints
of rose petal. Bursts of fresh citrus colorfully drive the palate and are
balanced with flavors of nectarine and stone fruit. A silky entrance coupled
with fresh and uplifting acidity leaves you with our signature coastal
expressiveness.",,,,,12,47,101.34,R,48,107,74,R,108,203,72,R,204,299,69,R,300,600,67,R
APLUSWINEDESIGNS,E1-144-Flowers,Etched Flowers Rose with 1 Color Fill,,,0,,,,,,,,,,,,,,,,,,,,
APLUSWINEDESIGNS,E1-EVOO,Etched Extra Virgin Olive Oil with 1 Color Fill,"500ml, high quality gourmet Italian Extra Virgin Olive Oil. The flavor is full
of lemons, apples, and nuts with some punchy pepper and a sweet finish. Deep
etched and hand painted for a high end presentation for executive and thank you
gifts and employee recognition.",,,,,12,47,51.4667,R,48,107,47.0667,R,108,203,43.7667,R,204,408,41.3167,R
APLUSWINEDESIGNS,E1-EVOO,Etched Extra Virgin Olive Oil with 1 Color Fill,,,0,,,,,,,,,,,,,,,,,,,,
APLUSWINEDESIGNS,E1-Romeo,Etched Romeo & Giulietta Oil/ Vinegar Set with 1 Color Fill,"Our beautiful olive oil and vinegar nesting set is the perfect non-alcoholic
option. The set contains 8.5 oz of olive oil and 8.5 oz of balsamic vinegar.
Deep etched and hand painted for a high end presentation for executive, thank
you gifts and employee recognition.",,,,,12,47,61.8167,R,48,107,57.4167,R,108,203,54.1167,R,204,299,51.6667,R,300,600,50.8167,R
APLUSWINEDESIGNS,E1-Romeo,Etched Romeo & Giulietta Oil/ Vinegar Set with 1 Color Fill,,,0,,,,,,,,,,,,,,,,,,,,
APLUSWINEDESIGNS,E1H-BV,Etched Half Size Balsamic Vinegar with 1 Color Fill,"250ml, Traditional Balsamic Vinegar. Use as a salad dressing, dip, or marinade.
Bottles are available with a custom digitally printed full color label or with
deep hand etching with optional color fills. Customized corporate logos and
personalized text for an elegant presentation for holiday gifts or special
occasions.",,,,,12,47,34.05,R,48,107,30.7167,R,108,203,28.2167,R,204,299,26.2167,R,300,600,24.3833,R
APLUSWINEDESIGNS,E1H-BV,Etched Half Size Balsamic Vinegar with 1 Color Fill,,,0,,,,,,,,,,,,,,,,,,,,
APLUSWINEDESIGNS,E1H-EVOO,Etched Half Size Extra Virgin Olive Oil with 1 Color Fill,"250ml, high quality gourmet Italian Extra Virgin Olive Oil. The flavor is full
of lemons, apples, and nuts with some punchy pepper and a sweet finish. Deep
etched and hand painted for a high end presentation for executive and thank you
gifts and employee recognition.",,,,,12,47,34.05,R,48,107,30.7167,R,108,203,28.2167,R,204,299,26.2167,R,300,600,24.3833,R
APLUSWINEDESIGNS,E1H-EVOO,Etched Half Size Extra Virgin Olive Oil with 1 Color Fill,,,0,,,,,,,,,,,,,,,,,,,,
APLUSWINEDESIGNS,E1M-120,Etched Chardonnay White Wine 1.5L with 1 Color Fill,"1.5L, Chardonnay white wine etched with optional color fills. All bottles are
hand-crafted by artisans in our CA facility. Custom etch corporate logos and
personalized text for an impressive presentation for your next special occasion
like weddings, retirements or birthday parties, and sales celebrations.",,,,,12,47,106.4833,R,48,107,98.9833,R,108,203,94.8167,R,204,299,89.8167,R,300,600,81.4833,R
APLUSWINEDESIGNS,E1M-120,Etched Chardonnay White Wine 1.5L with 1 Color Fill,,,0,,,,,,,,,,,,,,,,,,,,
APLUSWINEDESIGNS,E1M-126,Etched CA Champagne Sparkling Wine with 1 Color Fill,"1.5 L magnum bottle of California Champagne with deep hand etching and optional
hand painted color fills. Proud to have a 5 Star rating for 15 years making us
the highest quality custom labeling and etching company in the industry! All
bottles are hand painted by artisans at our California facility - make an
impressive presentation for your next special occasion by creating your own work
of art featuring your corporate logo or personalized text!",,,,,12,47,107.5,R,48,107,100,R,108,203,95.8333,R,204,299,90.8333,R,300,600,82.5,R
APLUSWINEDESIGNS,E1M-126,Etched CA Champagne Sparkling Wine with 1 Color Fill,,,0,,,,,,,,,,,,,,,,,,,,
APLUSWINEDESIGNS,E1M-133,Etched Magnum Cabernet/ Merlot Red Winewith 1 Color Fill,"1.5L, Cabernet Sauvignon and Merlot red wine blend with deep hand etching and
optional hand painted color fills. Proud to have a 5 Star rating for 15 years
making us the highest quality custom labeling and etching company in the
industry! All bottles are hand-crafted by artisans in our CA facility. Custom
etch corporate logos and personalized text for a striking presentation for your
next special occasion: weddings, birthday parties, and retirement celebrations.",,,,,12,47,106.4833,R,48,107,98.9833,R,108,203,94.8167,R,204,299,89.8167,R,300,600,81.4833,R
APLUSWINEDESIGNS,E1M-133,Etched Magnum Cabernet/ Merlot Red Winewith 1 Color Fill,,,0,,,,,,,,,,,,,,,,,,,,
APLUSWINEDESIGNS,E1S-120,Etched Mini Chardonnay White Wine with 1 Color Fill,"187ml, Chardonnay white wine etched with optional color fills. All bottles are
hand-crafted by artisans in our CA facility. Custom etch corporate logos and
personalized text onto our popular ""mini"" bottles. Great as save the date
invitations, wedding favors, employee recognition and pharmaceutical company
gifts!",,,,,24,47,21.8833,R,48,119,21.8833,R,120,215,21.8833,R,216,311,21.8833,R,312,624,21.8833,R
APLUSWINEDESIGNS,E1S-120,Etched Mini Chardonnay White Wine with 1 Color Fill,,,0,,,,,,,,,,,,,,,,,,,,
APLUSWINEDESIGNS,E1S-121,Etched Mini Pinot Grigio White Wine with 1 Color Fill,"187ml, Pinot Grigio white wine etched with optional color fills. All bottles are
hand-crafted by artisans in our CA facility. Custom etch corporate logos and
personalized text onto our popular ""mini"" bottles. Great as save the date
invitations, wedding favors, employee recognition and pharmaceutical company
gifts!",,,,,24,47,21.8833,R,48,119,21.8833,R,120,215,21.8833,R,216,311,21.8833,R,312,624,21.8833,R
APLUSWINEDESIGNS,E1S-121,Etched Mini Pinot Grigio White Wine with 1 Color Fill,,,0,,,,,,,,,,,,,,,,,,,,
APLUSWINEDESIGNS,E1S-124,Etched Mini Non-Alcoholic Sparkling Grape Juice with 1 Color Fill,"187ml non-alcoholic sparkling grape juice with deep hand etching and optional
hand painted color fills. It has better bubbly pop than cider, making a striking
presentation. Proud to have a 5 Star rating for 15 years making us the highest
quality custom labeling and etching company in the industry! Custom etch
corporate logos and personalized text onto our popular mini bottles. Great as
save the date invitations, wedding favors, and company gifts.",,,,,24,47,21.8833,R,48,119,21.8833,R,120,215,21.8833,R,216,311,21.8833,R,312,624,21.8833,R
APLUSWINEDESIGNS,E1S-124,Etched Mini Non-Alcoholic Sparkling Grape Juice with 1 Color Fill,,,0,,,,,,,,,,,,,,,,,,,,
APLUSWINEDESIGNS,E1S-126,Etched Mini CA Champagne Sparkling Wine with 1 Color Fill,"187 ml mini California sparkling white wine champagne with deep hand etching.
Proud to have a 5 Star rating for 15 years making us the highest quality custom
labeling and etching company in the industry! All bottles are hand-crafted by
artisans in our CA facility. Custom etch corporate logos and personalized text
onto our popular mini bottles. Great as save the date invitations, wedding
favors, and pharmaceutical company gifts!",,,,,24,47,21.8833,R,48,119,21.8833,R,120,215,21.8833,R,216,311,21.8833,R,312,624,21.8833,R
APLUSWINEDESIGNS,E1S-126,Etched Mini CA Champagne Sparkling Wine with 1 Color Fill,,,0,,,,,,,,,,,,,,,,,,,,
APLUSWINEDESIGNS,E1S-132,Etched Mini Merlot Red Wine with 1 Color Fill,"187ml, Merlot red wine with deep hand etching on our popular mini bottles with
one hand-painted color fill. Custom etch corporate logos and personalized text
for an impressive presentation for your next special occasion like save the date
invitations, weddings, retirements, birthday parties, sales celebrations, and
holiday gifts.",,,,,24,47,21.8833,R,48,119,21.8833,R,120,215,21.8833,R,216,311,21.8833,R,312,624,21.8833,R
APLUSWINEDESIGNS,E1S-132,Etched Mini Merlot Red Wine with 1 Color Fill,,,0,,,,,,,,,,,,,,,,,,,,
APLUSWINEDESIGNS,E1S-133,Etched Mini Red Blend Red Wine with 1 Color Fill,"187ml, Red Blend red wine with deep hand etching on our popular mini bottles
with one hand-painted color fill. Custom etch corporate logos and personalized
text for an impressive presentation for your next special occasion like save the
date invitations, weddings, retirements, birthday parties, sales celebrations,
and holiday gifts.",,,,,24,47,21.8833,R,48,119,21.8833,R,120,215,21.8833,R,216,311,21.8833,R,312,624,21.8833,R
APLUSWINEDESIGNS,E1S-133,Etched Mini Red Blend Red Wine with 1 Color Fill,,,0,,,,,,,,,,,,,,,,,,,,
APLUSWINEDESIGNS,E1S-144,Etched Mini Rose with 1 Color Fill,"187ml, Rose wine with deep hand etching on our popular mini bottles with one
hand-painted color fill. Custom etch corporate logos and personalized text for
an impressive presentation for your next special occasion like save the date
invitations, weddings, retirements, birthday parties, sales celebrations, and
holiday gifts.",,,,,24,47,21.8833,R,48,119,21.8833,R,120,215,21.8833,R,216,311,21.8833,R,312,624,21.8833,R
APLUSWINEDESIGNS,E1S-144,Etched Mini Rose with 1 Color Fill,,,0,,,,,,,,,,,,,,,,,,,,
APLUSWINEDESIGNS,E1S-Nicolas,Etched Mini Nicolas Feuillatte Brut with 1 Color Fill,"187 ml mini champagne with deep hand etching. Light, fresh and vibrant
Champagne, effusing intense, expressive fruit, while extensive cellar-ageing
brings appealing maturity to perfect style and consistency. Aromas of juicy pear
and crunchy apricot merge and weave in a beguiling fusion around a mass of
delicate bubbles.Great as save the date invitations, wedding favors, and company
gifts!",,,,,24,47,38.95,R,48,119,37.7667,R,120,215,37.7667,R,216,311,37.7667,R,312,624,37.7667,R
APLUSWINEDESIGNS,E1S-Nicolas,Etched Mini Nicolas Feuillatte Brut with 1 Color Fill,,,0,,,,,,,,,,,,,,,,,,,,
APLUSWINEDESIGNS,E2-120,Etched Chardonnay White Winewith 2 Color Fill,"750ml, Chardonnay white wine etched with optional color fills. Proud to have a 5
Star rating for 15 years making us the highest quality custom labeling and
etching company in the industry! All bottles are hand-crafted by artisans in our
CA facility. Custom etch corporate logos and personalized text for an impressive
presentation for your next special occasion like weddings, retirements or
birthday parties, and sales celebrations.",,,,,12,47,67.05,R,48,107,61.9167,R,108,203,58.1,R,204,299,55.35,R,300,600,53.4167,R
APLUSWINEDESIGNS,E2-120,Etched Chardonnay White Winewith 2 Color Fill,,,0,,,,,,,,,,,,,,,,,,,,
APLUSWINEDESIGNS,E2-124,Etched Non-Alcholic Sparkling Grape Juice with 2 Color Fill,"750ml, non-alcoholic sparkling grape juice with deep hand etching and optional
hand painted color fills. It has better bubbly pop than cider, more similar to a
champagne. Proud to have a 5 Star rating for 15 years making us the highest
quality custom labeling and etching company in the industry! Custom etch
corporate logos and personalized text for a striking presentation for your next
special occasion. Great for parties and celebrations.",,,,,12,47,67.05,R,48,107,61.9167,R,108,203,58.1,R,204,299,55.35,R,300,600,53.4167,R
APLUSWINEDESIGNS,E2-124,Etched Non-Alcholic Sparkling Grape Juice with 2 Color Fill,,,0,,,,,,,,,,,,,,,,,,,,
APLUSWINEDESIGNS,E2-126,Etched CA Champagne Sparkling White Wine with 2 Color Fill,"750ml, California Champagne sparkling white wine with deep hand etching and
optional color fill. Proud to have a 5 Star rating for 15 years making us the
highest quality custom labeling and etching company in the industry! Custom etch
corporate logos and personalized text for a striking presentation for your next
special occasion: weddings, birthday parties, and retirement celebrations. Great
as holiday gifts or real estate sales celebration.",,,,,12,47,67.05,R,48,107,61.9167,R,108,203,58.1,R,204,299,55.35,R,300,600,53.4167,R
APLUSWINEDESIGNS,E2-126,Etched CA Champagne Sparkling White Wine with 2 Color Fill,,,0,,,,,,,,,,,,,,,,,,,,
APLUSWINEDESIGNS,E2-130,Etched Cabernet Sauvignon Red Winewith 2 Color Fill,"750ml, Cabernet Sauvignon red wine with deep hand etching and optional hand
painted color fills. Proud to have a 5 Star rating for 15 years making us the
highest quality custom labeling and etching company in the industry! All bottles
are hand-crafted by artisans in our CA facility. Custom etch corporate logos and
personalized text for a striking presentation for your next special occasion:
weddings, birthday parties, and retirement celebrations.",,,,,12,47,67.05,R,48,107,61.9167,R,108,203,58.1,R,204,299,55.35,R,300,600,53.4167,R
APLUSWINEDESIGNS,E2-130,Etched Cabernet Sauvignon Red Winewith 2 Color Fill,,,0,,,,,,,,,,,,,,,,,,,,
APLUSWINEDESIGNS,E2-131,Etched Pinot Noir Red Winewith 2 Color Fill,"750ml, Pinot Noir red wine with deep hand etching and optional hand painted
color fills. Proud to have a 5 Star rating for 15 years making us the highest
quality custom labeling and etching company in the industry! All bottles are
hand-crafted by artisans in our CA facility. Custom etch corporate logos and
personalized text for a striking presentation for your next special occasion:
weddings, birthday parties, and retirement celebrations.",,,,,12,47,67.05,R,48,107,61.9167,R,108,203,58.1,R,204,299,55.35,R,300,600,53.4167,R
APLUSWINEDESIGNS,E2-131,Etched Pinot Noir Red Winewith 2 Color Fill,,,0,,,,,,,,,,,,,,,,,,,,
APLUSWINEDESIGNS,E2M-120,Etched Chardonnay White Wine 1.5L with 2 Color Fill,"1.5L, Chardonnay white wine etched with optional color fills. Proud to have a 5
Star rating for 15 years making us the highest quality custom labeling and
etching company in the industry! All bottles are hand-crafted by artisans in our
CA facility. Custom etch corporate logos and personalized text for an impressive
presentation for your next special occasion like weddings, retirements or
birthday parties, and sales celebrations.",,,,,12,47,111.75,R,48,107,101.1167,R,108,203,98.3667,R,204,299,91.95,R,300,600,90.3833,R
APLUSWINEDESIGNS,E2M-120,Etched Chardonnay White Wine 1.5L with 2 Color Fill,,,0,,,,,,,,,,,,,,,,,,,,
APLUSWINEDESIGNS,E2M-126,Etched Magnum Champagne Sparkling White Wine with 2 Color Fill,"1.5 L magnum bottle of California Champagne with deep hand etching and optional
hand painted color fills. Proud to have a 5 Star rating for 15 years making us
the highest quality custom labeling and etching company in the industry! All
bottles are hand painted by artisans at our California facility - make an
impressive presentation for your next special occasion by creating your own work
of art featuring your corporate logo or personalized text!",,,,,12,47,116.5167,R,48,107,105.8833,R,108,203,103.1333,R,204,299,96.7167,R,300,600,95.15,R
APLUSWINEDESIGNS,E2M-126,Etched Magnum Champagne Sparkling White Wine with 2 Color Fill,,,0,,,,,,,,,,,,,,,,,,,,
APLUSWINEDESIGNS,E2M-133,Etched Magnum Cabernet/ Merlot Red Wine with 2 Color Fill,"1.5L, Cabernet Sauvignon and Merlot red wine blend with deep hand etching and
optional hand painted color fills. Proud to have a 5 Star rating for 15 years
making us the highest quality custom labeling and etching company in the
industry! All bottles are hand-crafted by artisans in our CA facility. Custom
etch corporate logos and personalized text for a striking presentation for your
next special occasion: weddings, birthday parties, and retirement celebrations.",,,,,12,47,111.75,R,48,107,101.1167,R,108,203,98.3667,R,204,299,91.95,R,300,600,90.3833,R
APLUSWINEDESIGNS,E2M-133,Etched Magnum Cabernet/ Merlot Red Wine with 2 Color Fill,,,0,,,,,,,,,,,,,,,,,,,,
APLUSWINEDESIGNS,E2S-120,Etched Mini Chardonnay White Wine with 2 Color Fill,"187ml, Chardonnay white wine etched with two color fills. All bottles are
hand-crafted by artisans in our CA facility. Custom etch corporate logos and
personalized text onto our popular ""mini"" bottles. Great as save the date
invitations, wedding favors, employee recognition and pharmaceutical company
gifts!",,,,,24,47,26.8833,R,48,119,26.8833,R,120,215,26.8833,R,216,311,26.8833,R,312,624,26.8833,R
APLUSWINEDESIGNS,E2S-120,Etched Mini Chardonnay White Wine with 2 Color Fill,,,0,,,,,,,,,,,,,,,,,,,,
APLUSWINEDESIGNS,E2S-121,Etched Mini Pinot Grigio White Wine with 2 Color Fill,"187ml, Pinot Grigio white wine etched with two color fills. All bottles are
hand-crafted by artisans in our CA facility. Custom etch corporate logos and
personalized text onto our popular ""mini"" bottles. Great as save the date
invitations, wedding favors, employee recognition and pharmaceutical company
gifts!",,,,,24,47,26.8833,R,48,119,26.8833,R,120,215,26.8833,R,216,311,26.8833,R,312,624,26.8833,R
APLUSWINEDESIGNS,E2S-121,Etched Mini Pinot Grigio White Wine with 2 Color Fill,,,0,,,,,,,,,,,,,,,,,,,,
APLUSWINEDESIGNS,E2S-124,EtchedMini Non-Alcoholic Sparkling Grape Juice with 2 Color Fill,"187ml non-alcoholic sparkling grape juice with deep hand etching and optional
hand painted color fills. It has better bubbly pop than cider, making a striking
presentation. Proud to have a 5 Star rating for 15 years making us the highest
quality custom labeling and etching company in the industry! Custom etch
corporate logos and personalized text onto our popular mini bottles. Great as
save the date invitations, wedding favors, and company gifts.",,,,,24,47,25.2167,R,48,119,25.2167,R,120,215,25.2167,R,216,311,25.2167,R,312,624,25.2167,R
APLUSWINEDESIGNS,E2S-124,EtchedMini Non-Alcoholic Sparkling Grape Juice with 2 Color Fill,,,0,,,,,,,,,,,,,,,,,,,,
APLUSWINEDESIGNS,E2S-126,Etched Mini CA Champagne Sparkling Wine with 2 Color Fills,"186 ml mini California sparkling white wine champagne with deep hand etching.
Proud to have a 5 Star rating for 15 years making us the highest quality custom
labeling and etching company in the industry! All bottles are hand-crafted by
artisans in our CA facility. Custom etch corporate logos and personalized text
onto our popular mini bottles. Great as save the date invitations, wedding
favors, and pharmaceutical company gifts!",,,,,24,47,25.2167,R,48,119,25.2167,R,120,215,25.2167,R,216,311,25.2167,R,312,624,25.2167,R
APLUSWINEDESIGNS,E2S-126,Etched Mini CA Champagne Sparkling Wine with 2 Color Fills,,,0,,,,,,,,,,,,,,,,,,,,
APLUSWINEDESIGNS,E2S-132,Etched Mini Merlot Red Wine with 2 Color Fill,"187ml, Merlot red wine with deep hand etching on our popular mini bottles with
two hand-painted color fill. Custom etch corporate logos and personalized text
for an impressive presentation for your next special occasion like save the date
invitations, weddings, retirements, birthday parties, sales celebrations, and
holiday gifts.",,,,,24,47,26.8833,R,48,119,26.8833,R,120,215,26.8833,R,216,311,26.8833,R,312,624,26.8833,R
APLUSWINEDESIGNS,E2S-132,Etched Mini Merlot Red Wine with 2 Color Fill,,,0,,,,,,,,,,,,,,,,,,,,
APLUSWINEDESIGNS,E2S-133,Etched Mini Red Blend Red Wine with 2 Color Fill,"187ml, Red Blend red wine with deep hand etching on our popular mini bottles
with two hand-painted color fill. Custom etch corporate logos and personalized
text for an impressive presentation for your next special occasion like save the
date invitations, weddings, retirements, birthday parties, sales celebrations,
and holiday gifts.",,,,,24,47,26.8833,R,48,119,26.8833,R,120,215,26.8833,R,216,311,26.8833,R,312,624,26.8833,R
APLUSWINEDESIGNS,E2S-133,Etched Mini Red Blend Red Wine with 2 Color Fill,,,0,,,,,,,,,,,,,,,,,,,,
APLUSWINEDESIGNS,E2S-144,Etched Mini Rose with 2 Color Fill,"187ml, Merlot red wine with deep hand etching on our popular mini bottles with
two hand-painted color fill. Custom etch corporate logos and personalized text
for an impressive presentation for your next special occasion like save the date
invitations, weddings, retirements, birthday parties, sales celebrations, and
holiday gifts.",,,,,24,47,26.8833,R,48,119,26.8833,R,120,215,26.8833,R,216,311,26.8833,R,312,624,26.8833,R
APLUSWINEDESIGNS,E2S-144,Etched Mini Rose with 2 Color Fill,,,0,,,,,,,,,,,,,,,,,,,,
APLUSWINEDESIGNS,E2T-130PL,Etched Double Magnum Cabernet Sauvignon Red Wine 3Lwith 2 Color Fill,"3L, California Cabernet Sauvignon red wine with deep hand etching and optional
hand painted color fills. Proud to have a 5 Star rating for 15 years making us
the highest quality custom labeling and etching company in the industry! All
bottles are hand-crafted by artisans in our CA facility. Custom etch corporate
logos and personalized text for a striking presentation for your next special
occasion: weddings, birthday parties, and retirement celebrations.",,,,,1,11,415,R,12,23,364.5333,R,24,47,357.2,R,48,96,341.0667,R
APLUSWINEDESIGNS,E2T-130PL,Etched Double Magnum Cabernet Sauvignon Red Wine 3Lwith 2 Color Fill,,,0,,,,,,,,,,,,,,,,,,,,
APLUSWINEDESIGNS,E3-120,Etched Chardonnay White Wine with 3 Color Fill,"750ml, Chardonnay white wine etched with optional color fills. Proud to have a 5
Star rating for 15 years making us the highest quality custom labeling and
etching company in the industry! All bottles are hand-crafted by artisans in our
CA facility. Custom etch corporate logos and personalized text for an impressive
presentation for your next special occasion like weddings, retirements or
birthday parties, and sales celebrations.",,,,,12,47,70.6333,R,48,107,63.6,R,108,203,60.0667,R,204,299,57.0333,R,300,600,55.5,R
APLUSWINEDESIGNS,E3-120,Etched Chardonnay White Wine with 3 Color Fill,,,0,,,,,,,,,,,,,,,,,,,,
APLUSWINEDESIGNS,E3-124,Etched Non-Alcholic Sparkling Grape Juice with 3 Color Fill,"750ml, non-alcoholic sparkling grape juice with deep hand etching and optional
hand painted color fills. It has better bubbly pop than cider, more similar to a
champagne. Proud to have a 5 Star rating for 15 years making us the highest
quality custom labeling and etching company in the industry! Custom etch
corporate logos and personalized text for a striking presentation for your next
special occasion. Great for parties and celebrations.",,,,,12,47,70.6333,R,48,107,63.6,R,108,203,60.0667,R,204,299,57.0333,R,300,600,55.5,R
APLUSWINEDESIGNS,E3-124,Etched Non-Alcholic Sparkling Grape Juice with 3 Color Fill,,,0,,,,,,,,,,,,,,,,,,,,
APLUSWINEDESIGNS,E3-126,Etched CA Champagne Sparkling White Wine with 3 Color Fill,"750ml, California Champagne sparkling white wine with deep hand etching and
optional color fill. Proud to have a 5 Star rating for 15 years making us the
highest quality custom labeling and etching company in the industry! Custom etch
corporate logos and personalized text for a striking presentation for your next
special occasion: weddings, birthday parties, and retirement celebrations. Great
as holiday gifts or real estate sales celebration.",,,,,12,47,70.6333,R,48,107,63.6,R,108,203,60.0667,R,204,299,57.0333,R,300,600,55.5,R
APLUSWINEDESIGNS,E3-126,Etched CA Champagne Sparkling White Wine with 3 Color Fill,,,0,,,,,,,,,,,,,,,,,,,,
APLUSWINEDESIGNS,E3-130,Etched Cabernet Sauvignon Red Wine with 3 Color Fill,"750ml, Cabernet Sauvignon red wine with deep hand etching and optional hand
painted color fills. Proud to have a 5 Star rating for 15 years making us the
highest quality custom labeling and etching company in the industry! All bottles
are hand-crafted by artisans in our CA facility. Custom etch corporate logos and
personalized text for a striking presentation for your next special occasion:
weddings, birthday parties, and retirement celebrations.",,,,,12,47,70.6333,R,48,107,63.6,R,108,203,60.0667,R,204,299,57.0333,R,300,600,55.5,R
APLUSWINEDESIGNS,E3-130,Etched Cabernet Sauvignon Red Wine with 3 Color Fill,,,0,,,,,,,,,,,,,,,,,,,,
APLUSWINEDESIGNS,E3-131,Etched Pinot Noir Red Wine with 3 Color Fill,"750ml, California Pinot Noir red wine with deep hand etching and optional hand
painted color fills. Proud to have a 5 Star rating for 15 years making us the
highest quality custom labeling and etching company in the industry! All bottles
are hand-crafted by artisans in our CA facility. Custom etch corporate logos and
personalized text for a striking presentation for your next special occasion:
weddings, birthday parties, and retirement celebrations.",,,,,12,47,70.6333,R,48,107,63.6,R,108,203,60.0667,R,204,299,57.0333,R,300,600,55.5,R
APLUSWINEDESIGNS,E3-131,Etched Pinot Noir Red Wine with 3 Color Fill,,,0,,,,,,,,,,,,,,,,,,,,
APLUSWINEDESIGNS,E3M-120,Etched Magnum Chardonnay White Wine 1.5L with 3 Color Fill,"1.5L, Chardonnay white wine etched with optional color fills. Proud to have a 5
Star rating for 15 years making us the highest quality custom labeling and
etching company in the industry! All bottles are hand-crafted by artisans in our
CA facility. Custom etch corporate logos and personalized text for an impressive
presentation for your next special occasion like weddings, retirements or
birthday parties, and sales celebrations.",,,,,12,47,116.9,R,48,107,109.5667,R,108,203,106.2667,R,204,299,103.8333,R,300,600,102.4167,R
APLUSWINEDESIGNS,E3M-120,Etched Magnum Chardonnay White Wine 1.5L with 3 Color Fill,,,0,,,,,,,,,,,,,,,,,,,,
APLUSWINEDESIGNS,E3M-126,Etched Magnum Champagne Sparkling White Wine with 3 Color Fill,"1.5 L magnum bottle of California Champagne with deep hand etching and optional
hand painted color fills. Proud to have a 5 Star rating for 15 years making us
the highest quality custom labeling and etching company in the industry! All
bottles are hand painted by artisans at our California facility - make an
impressive presentation for your next special occasion by creating your own work
of art featuring your corporate logo or personalized text!",,,,,12,47,132.5,R,48,107,122.5,R,108,203,115.8333,R,204,299,109.1667,R,300,600,105.15,R
APLUSWINEDESIGNS,E3M-126,Etched Magnum Champagne Sparkling White Wine with 3 Color Fill,,,0,,,,,,,,,,,,,,,,,,,,
APLUSWINEDESIGNS,E3M-133,Etched Magnum Cabernet/ Merlot Red Wine with 3 Color Fill,"1.5L, Cabernet Sauvignon and Merlot red wine blend with deep hand etching and
optional hand painted color fills. Proud to have a 5 Star rating for 15 years
making us the highest quality custom labeling and etching company in the
industry! All bottles are hand-crafted by artisans in our CA facility. Custom
etch corporate logos and personalized text for a striking presentation for your
next special occasion: weddings, birthday parties, and retirement celebrations.",,,,,12,47,127.7333,R,48,107,117.7333,R,108,203,111.0667,R,204,299,104.4,R,300,600,100.3833,R
APLUSWINEDESIGNS,E3M-133,Etched Magnum Cabernet/ Merlot Red Wine with 3 Color Fill,,,0,,,,,,,,,,,,,,,,,,,,
APLUSWINEDESIGNS,EM-120,Etched Chardonnay White Wine 1.5L with No Color Fill,"1.5L, Chardonnay white wine etched with optional color fills. All bottles are
hand-crafted by artisans in our CA facility. Custom etch corporate logos and
personalized text for an impressive presentation for your next special occasion
like weddings, retirements or birthday parties, and sales celebrations.",,,,,12,47,99.8167,R,48,107,92.3167,R,108,203,88.15,R,204,299,83.15,R,300,600,74.8167,R
APLUSWINEDESIGNS,EM-120,Etched Chardonnay White Wine 1.5L with No Color Fill,,,0,,,,,,,,,,,,,,,,,,,,
APLUSWINEDESIGNS,EM-126,Magnum Etched Champagne Sparkling Wine with No Color Fill,"1.5 L magnum bottle of California Champagne with deep hand etching and optional
hand painted color fills. All bottles are hand painted by artisans at our
California facility - make an impressive presentation for your next special
occasion by creating your own work of art featuring your corporate logo or
personalized text!",,,,,12,47,100.8333,R,48,107,93.3333,R,108,203,89.1667,R,204,299,84.1667,R,300,600,75.8333,R
APLUSWINEDESIGNS,EM-126,Magnum Etched Champagne Sparkling Wine with No Color Fill,,,0,,,,,,,,,,,,,,,,,,,,
APLUSWINEDESIGNS,EM-133,Etched Magnum Cabernet/ Merlot Red Wine with No Color Fill,"1.5L, Cabernet Sauvignon and Merlot red wine blend with deep hand etching and
optional hand painted color fills. All bottles are hand-crafted by artisans in
our CA facility. Custom etch corporate logos and personalized text for a
striking presentation for your next special occasion: weddings, birthday
parties, and retirement celebrations.",,,,,12,47,99.8167,R,48,107,92.3167,R,108,203,88.15,R,204,299,83.15,R,300,600,74.8167,R
APLUSWINEDESIGNS,EM-133,Etched Magnum Cabernet/ Merlot Red Wine with No Color Fill,,,0,,,,,,,,,,,,,,,,,,,,
APLUSWINEDESIGNS,ES-120,Etched Mini Chardonnay White Wine with No Color Fill,"187ml, Chardonnay white wine etched with no color fill. All bottles are
hand-crafted by artisans in our CA facility. Custom etch corporate logos and
personalized text onto our popular ""mini"" bottles. Great as save the date
invitations, wedding favors, employee recognition and pharmaceutical company
gifts!",,,,,24,47,19.3833,R,48,119,19.3833,R,120,215,19.3833,R,216,311,19.3833,R,312,624,19.3833,R
APLUSWINEDESIGNS,ES-120,Etched Mini Chardonnay White Wine with No Color Fill,,,0,,,,,,,,,,,,,,,,,,,,
APLUSWINEDESIGNS,ES-121,Etched Mini Pinot Grigio White Wine with No Color Fill,"187ml, Pinot Grigio white wine etched with no color fill. All bottles are
hand-crafted by artisans in our CA facility. Custom etch corporate logos and
personalized text onto our popular ""mini"" bottles. Great as save the date
invitations, wedding favors, employee recognition and pharmaceutical company
gifts!",,,,,24,47,19.3833,R,48,119,19.3833,R,120,215,19.3833,R,216,311,19.3833,R,312,624,19.3833,R
APLUSWINEDESIGNS,ES-121,Etched Mini Pinot Grigio White Wine with No Color Fill,,,0,,,,,,,,,,,,,,,,,,,,
APLUSWINEDESIGNS,ES-124,Mini Non-Alcoholic Sparkling Grape Juice with No Color Fill,"187ml non-alcoholic sparkling grape juice with deep hand etching and optional
hand painted color fills. It has better bubbly pop than cider, making a striking
presentation. Custom etch corporate logos and personalized text onto our popular
mini bottles. Great as save the date invitations, wedding favors, and company
gifts.",,,,,24,47,17.7167,R,48,119,17.7167,R,120,215,17.7167,R,216,311,17.7167,R,312,624,17.7167,R
APLUSWINEDESIGNS,ES-124,Mini Non-Alcoholic Sparkling Grape Juice with No Color Fill,,,0,,,,,,,,,,,,,,,,,,,,
APLUSWINEDESIGNS,ES-126,Etched Mini CA Champagne Sparkling White Wine with No Color Fill,"187 ml mini California sparkling white wine champagne with deep hand etching.
All bottles are hand-crafted by artisans in our CA facility. Etched ""minis"" are
the perfect present for real estate sales celebrations, New Year’s Eve parties,
save the date invitations, wedding favors, law office parties, and employee
holiday gifts.",,,,,24,47,17.7167,R,48,119,17.7167,R,120,215,17.7167,R,216,311,17.7167,R,312,624,17.7167,R
APLUSWINEDESIGNS,ES-126,Etched Mini CA Champagne Sparkling White Wine with No Color Fill,,,0,,,,,,,,,,,,,,,,,,,,
APLUSWINEDESIGNS,ES-132,Etched Mini Merlot Red Wine with No Color Fill,"187ml, Merlot red wine with deep hand etching on our popular mini bottles.
Custom etch corporate logos and personalized text for an impressive presentation
for your next special occasion like save the date invitations, weddings,
retirements, birthday parties, sales celebrations, and holiday gifts.",,,,,24,47,19.3833,R,48,119,19.3833,R,120,215,19.3833,R,216,311,19.3833,R,312,624,19.3833,R
APLUSWINEDESIGNS,ES-132,Etched Mini Merlot Red Wine with No Color Fill,,,0,,,,,,,,,,,,,,,,,,,,
APLUSWINEDESIGNS,ES-133,Etched Mini Red Blend Red Wine with No Color Fill,"187ml, Red Blend red wine with deep hand etching on our popular mini bottles.
Custom etch corporate logos and personalized text for an impressive presentation
for your next special occasion like save the date invitations, weddings,
retirements, birthday parties, sales celebrations, and holiday gifts.",,,,,24,47,19.3833,R,48,119,19.3833,R,120,215,19.3833,R,216,311,19.3833,R,312,624,19.3833,R
APLUSWINEDESIGNS,ES-133,Etched Mini Red Blend Red Wine with No Color Fill,,,0,,,,,,,,,,,,,,,,,,,,
APLUSWINEDESIGNS,ES-144,Etched Mini Rose Wine with No Color Fill,"187ml, Rose wine with deep hand etching on our popular mini bottles. Custom etch
corporate logos and personalized text for an impressive presentation for your
next special occasion like save the date invitations, weddings, retirements,
birthday parties, sales celebrations, and holiday gifts.",,,,,24,47,19.3833,R,48,119,19.3833,R,120,215,19.3833,R,216,311,19.3833,R,312,624,19.3833,R
APLUSWINEDESIGNS,ES-144,Etched Mini Rose Wine with No Color Fill,,,0,,,,,,,,,,,,,,,,,,,,
APLUSWINEDESIGNS,GDE1-126F,Rustic Laser Engraved Wood Box with Custom Etched Sparkling Wine and Flutes with 1 Color Fill,"Gift set includes California sparkling white wine with a deep-etched bottle
painted with a one color fill, and custom etched stemless champagne flutes. Our
slide top wood box laser engraved with your message or company logo. Bottles and
glassware are nestled in excelsior wood shavings to complete the presentation.
An impressive holiday or thank you gift for clients and friends. Contact us
about upgrading to a name brand wine, French champagne, wax dipped bottles, or
custom die-cut hang tags or card inserts.",,,,,12,47,147.7667,R,48,107,132.4333,R,108,203,121.4167,R,204,299,115.3,R,300,600,110.5333,R
APLUSWINEDESIGNS,GDE1-126F,Rustic Laser Engraved Wood Box with Custom Etched Sparkling Wine and Flutes with 1 Color Fill,,,0,,,,,,,,,,,,,,,,,,,,
APLUSWINEDESIGNS,GDE1-130G,Rustic Laser Engraved Wood Box with Custom Etched Wine and glasses with 1 Color Fill,"Gift set includes your choice of wine with a deep-etched bottle painted with a
one color fill, and custom etched stemless wine glasses. Our slide top wood box
laser engraved with your message or company logo. Bottles and glassware are
nestled in excelsior wood shavings to complete the presentation. An impressive
holiday or thank you gift for clients and friends. Contact us about upgrading to
a name brand wine, French champagne, wax dipped bottles, or custom die-cut hang
tags or card inserts.",,,,,12,47,147.7667,R,48,107,132.4333,R,108,203,121.4167,R,204,299,115.3,R,300,600,110.5333,R
APLUSWINEDESIGNS,GDE1-130G,Rustic Laser Engraved Wood Box with Custom Etched Wine and glasses with 1 Color Fill,,,0,,,,,,,,,,,,,,,,,,,,
APLUSWINEDESIGNS,GDE1-Wine,Rustic Laser Engraved Wood Box with Custom Etched Wines with 1 Color Fill,"Gift set includes your choice of two wines with a deep-etched bottle and painted
one color fill. Our slide top wood box laser engraved with your message or
company logo. Bottles are nestled in excelsior wood shavings to complete the
presentation. An impressive holiday or thank you gift for clients and friends.
Contact us about upgrading to a name brand wine, French champagne, wax dipped
bottles, or custom die-cut hang tags or card inserts.",,,,,12,47,174.1833,R,48,107,154.3833,R,108,203,139.8833,R,204,299,131.0167,R,300,600,124.3167,R
APLUSWINEDESIGNS,GDE1-Wine,Rustic Laser Engraved Wood Box with Custom Etched Wines with 1 Color Fill,,,0,,,,,,,,,,,,,,,,,,,,
APLUSWINEDESIGNS,GDE1H-OOBV,Rustic Engraved Wood Box with 250ml Etched Balsamic Vinegar & Olive Oil with 1 Color Fill,"Gift set includes a 250ml bottle of traditional balsamic vinegar and a 250ml
bottle of Extra Virgin Olive Oil with deep etched bottles and painted one color
fill. Our slide-top wood box laser engraved with your message or company logo.
Your bottles are nestled in excelsior wood shavings to complete the
presentation. An impressive holiday or thank you gift for clients and friends.
Upgrade to include hang tags or card inserts.",,,,,12,47,99.5833,R,48,107,94.1833,R,108,203,82.9333,R,204,299,80.9333,R,300,600,74.2167,R
APLUSWINEDESIGNS,GDE1H-OOBV,Rustic Engraved Wood Box with 250ml Etched Balsamic Vinegar & Olive Oil with 1 Color Fill,,,0,,,,,,,,,,,,,,,,,,,,
APLUSWINEDESIGNS,GDE1H-RMPS,Rustic Laser Engraved Wood Box with Half Size Etched Robert Mondavi Private Select with 1 Color Fill,"Gift set includes your two Robert Mondavi Private Select half size 375ml wines
with a deep-etched bottle and painted one color fill. Our slide top wood box
laser engraved with your message or company logo. Bottles are nestled in
excelsior wood shavings to complete the presentation. An impressive holiday or
thank you gift for clients and friends. Contact us about different name brand
wine options.",,,,,12,47,129.03,R,48,107,114.05,R,108,203,103.53,R,204,299,97.88,R,300,600,93.57,R
APLUSWINEDESIGNS,GDE1H-RMPS,Rustic Laser Engraved Wood Box with Half Size Etched Robert Mondavi Private Select with 1 Color Fill,,,0,,,,,,,,,,,,,,,,,,,,
APLUSWINEDESIGNS,GDE1S-126,Laser Engraved Double Mini Wood Box w/ Etched 1-Color Mini Sparkling and Flute,"Gift set includes a 187ml bottle of California Sparkling wine with deep etched
bottles and etched stemless flute. Our slide-top wood box laser engraved with
your message or company logo. The items are nestled in excelsior wood shavings
to complete the presentation. An impressive holiday or thank you gift for
clients and friends.",,,,,12,47,77.4833,R,48,107,72.0333,R,108,203,67.6667,R,204,299,64.7667,R,300,600,63.65,R
APLUSWINEDESIGNS,GDE1S-126,Laser Engraved Double Mini Wood Box w/ Etched 1-Color Mini Sparkling and Flute,,,0,,,,,,,,,,,,,,,,,,,,
APLUSWINEDESIGNS,GDE1S-144,Laser Engraved Double Mini Wood Box w/ Etched 1-Color Rose Mini and Flute,"Gift set includes a 187ml bottle of Rose wine with deep etched bottles and
etched stemless flute. Our slide-top wood box laser engraved with your message
or company logo. The items are nestled in excelsior wood shavings to complete
the presentation. An impressive holiday or thank you gift for clients and
friends.",,,,,12,47,79.15,R,48,107,73.7,R,108,203,69.3333,R,204,299,66.4333,R,300,600,65.3167,R
APLUSWINEDESIGNS,GDE1S-144,Laser Engraved Double Mini Wood Box w/ Etched 1-Color Rose Mini and Flute,,,0,,,,,,,,,,,,,,,,,,,,
APLUSWINEDESIGNS,GDL-Wine,Rustic Laser Engraved Wood Box with with Full Color Custom Labeled Wines,"Gift set includes your choice of two wines with custom digitally printed
full-color labels. Our slide-top wood box laser engraved with your message or
company logo. Your bottles are nestled in excelsior wood shavings to complete
the presentation. An impressive holiday or thank you gift for clients and
friends. Contact us about upgrading to a name brand wine, French champagne, wax
dipped bottles, or custom die-cut hang tags or card inserts.",,,,,12,47,137.85,R,48,107,126.2833,R,108,203,111.8167,R,204,299,100.85,R,300,600,94.1833,R
APLUSWINEDESIGNS,GDL-Wine,Rustic Laser Engraved Wood Box with with Full Color Custom Labeled Wines,,,0,,,,,,,,,,,,,,,,,,,,
APLUSWINEDESIGNS,GE1-Romeo,Rustic Laser Engraved Wood Box with Custom Etched Romeo & Giulietta with 1 Color Fill,"Gift set includes an olive oil and balsamic vinegar nesting set inside a
slide-top laser engraved wood box. The set can be engraved with your message or
company logo. 8.5 oz of olive oil and 8.5 oz of vinegar. Your bottles are
nestled in excelsior wood shavings to complete the presentation. An impressive
holiday or thank you gift for clients and friends.",,,,,12,47,101.15,R,48,107,94.3667,R,108,203,85.95,R,204,299,83.6833,R,300,600,78.05,R
APLUSWINEDESIGNS,GE1-Romeo,Rustic Laser Engraved Wood Box with Custom Etched Romeo & Giulietta with 1 Color Fill,,,0,,,,,,,,,,,,,,,,,,,,
APLUSWINEDESIGNS,GSE1-130,Rustic Laser Engraved Wood Box with Custom Etched Wine with 1 Color Fill,"Gift set includes your choice of wine with a deep-etched bottle and painted one
color fill. Our slide top wood box laser engraved with your message or company
logo. Bottles are nestled in excelsior wood shavings to complete the
presentation. An impressive holiday or thank you gift for clients and friends.
Contact us about upgrading to a name brand wine, French champagne, wax dipped
bottles, or to include custom die-cut hang tags or card inserts.",,,,,12,47,98.7833,R,48,107,87.05,R,108,203,79.7667,R,204,299,74.3833,R,300,600,71.7667,R
APLUSWINEDESIGNS,GSE1-130,Rustic Laser Engraved Wood Box with Custom Etched Wine with 1 Color Fill,,,0,,,,,,,,,,,,,,,,,,,,
APLUSWINEDESIGNS,GSE1-BV,Rustic Laser Engraved Wood Box with Custom Etched Balsamic Vinegar with 1 Color Fill,"Gift set includes a 500ml bottle of traditional balsamic vinegar with a deep
etched bottle and painted one color fill. Our slide-top wood box laser engraved
with your message or company logo. Your bottle is nestled in excelsior wood
shavings to complete the presentation. An impressive holiday or thank you gift
for clients and friends. Great for salad dressings and marinades. Contact us
about including custom die-cut hang tags or card inserts.",,,,,12,47,91.5333,R,48,107,80.5333,R,108,203,73.7667,R,204,299,68.6833,R,300,600,67.15,R
APLUSWINEDESIGNS,GSE1-BV,Rustic Laser Engraved Wood Box with Custom Etched Balsamic Vinegar with 1 Color Fill,,,0,,,,,,,,,,,,,,,,,,,,
APLUSWINEDESIGNS,GSE1-EVOO,Rustic Laser Engraved Wood Box with Custom Etched Olive Oil with 1 Color Fill,"Gift set includes a 500ml bottle of Extra Virgin Olive Oil with a deep etched
bottle and painted one color fill. Our slide-top wood box laser engraved with
your message or company logo. Your bottle is nestled in excelsior wood shavings
to complete the presentation. An impressive holiday or thank you gift for
clients and friends. Great for dips and marinades! Contact us about including
custom die-cut hang tags or card inserts.",,,,,12,36,86.5333,R,37,144,82.1333,R,145,299,68.7667,R,300,600,62.15,R
APLUSWINEDESIGNS,GSE1-EVOO,Rustic Laser Engraved Wood Box with Custom Etched Olive Oil with 1 Color Fill,,,0,,,,,,,,,,,,,,,,,,,,
APLUSWINEDESIGNS,GSL-130,Rustic Laser Engraved Wood Box with Full Color Custom Labeled Wine,"Gift set includes your choice of wine with a custom digitally printed full-color
label. Our slide-top wood box laser engraved with your message or company logo.
Your bottles are nestled in excelsior wood shavings to complete the
presentation. An impressive holiday or thank you gift for clients and friends.
Contact us about upgrading to a name brand wine, French champagne, wax dipped
bottles, or to include custom die-cut hang tags or card inserts.",,,,,12,47,82.2833,R,48,107,74.6667,R,108,203,66.9833,R,204,299,60.1333,R,300,600,57.5333,R
APLUSWINEDESIGNS,GSL-130,Rustic Laser Engraved Wood Box with Full Color Custom Labeled Wine,,,0,,,,,,,,,,,,,,,,,,,,
APLUSWINEDESIGNS,GSL-BV,Rustic Laser Engraved Wood Box with with Full Color Custom Labeled Balsamic Vinegar,"Gift set includes a 500ml bottle of traditional balsamic vinegar with a custom
digitally printed full-color label. Our slide-top wood box laser engraved with
your message or company logo. Your bottle is nestled in excelsior wood shavings
to complete the presentation. An impressive holiday or thank you gift for
clients and friends. Great for salad dressings and marinades. Contact us about
including custom die-cut hang tags or card inserts.",,,,,12,47,68.9333,R,48,107,62.3333,R,108,203,55.5667,R,204,299,52.9333,R,300,600,49.8667,R
APLUSWINEDESIGNS,GSL-BV,Rustic Laser Engraved Wood Box with with Full Color Custom Labeled Balsamic Vinegar,,,0,,,,,,,,,,,,,,,,,,,,
APLUSWINEDESIGNS,GTE1-130,Rustic Laser Engraved Triple Wood Box with Custom Etched Wines and Glasses,"Gift set includes your choice of two wines with a deep-etched one color fill
bottles and deep-etched glassware. Our slide top wood box is laser engraved with
your message or company logo. Bottles and glassware are nestled in excelsior
wood shavings to complete the presentation. An impressive holiday or thank you
gift for clients and friends. Contact us about upgrading to a name brand wine,
French champagne, wax dipped bottles, or hang tags or card inserts. Inside
dimensions 12.75"" h x 11.75"" w x 3.5"" d""",,,,,12,47,222.8,R,48,107,195.6667,R,108,203,176.4667,R,204,299,169.8,R,300,600,166.4667,R
APLUSWINEDESIGNS,GTE1-130,Rustic Laser Engraved Triple Wood Box with Custom Etched Wines and Glasses,,,0,,,,,,,,,,,,,,,,,,,,
APLUSWINEDESIGNS,HangTagBW,Black Ink Printed Single-Sided Hang Tag with White Background,"Black design on white background with no bleed, printed on white card-stock
paper. Comes with gold string and will hang on your beautifully labeled or
etched wine bottles.",,,,,12,24,0.9375,V
APLUSWINEDESIGNS,HangTagBW,Black Ink Printed Single-Sided Hang Tag with White Background,,,0,,,,,,,,,,,,,,,,,,,,
APLUSWINEDESIGNS,HangTagDouble,Full Color Double-Sided Hang Tag,"Full color, double sided hang tag with 1/8"" bleed on card stock paper. Comes
with gold string and will hang on your beautifully labeled or etched wine
bottles. Artwork requires a 1/4"" safe area.",,,,,12,99,4.6875,V,100,200,4.0625,V
APLUSWINEDESIGNS,HangTagDouble,Full Color Double-Sided Hang Tag,,,0,,,,,,,,,,,,,,,,,,,,
APLUSWINEDESIGNS,HangTagFullColor,Full Color Single-Sided Hang Tag,"Full color, single sided hang tag with 1/8"" bleed on card stock paper. Comes
with gold string and will hang on your beautifully labeled or etched wine
bottles. Artwork requires a 1/4"" safe area.",,,,,12,99,3.4375,V,100,200,2.8125,V
APLUSWINEDESIGNS,HangTagFullColor,Full Color Single-Sided Hang Tag,,,0,,,,,,,,,,,,,,,,,,,,
APLUSWINEDESIGNS,HangTagSimpleColor,Color Printed Single-Sided Hang Tag with White Background,"Multi-color design on white background with no bleed, printed on white
card-stock paper. Comes with gold string and will hang on your beautifully
labeled or etched wine bottles.",,,,,12,24,1.875,V
APLUSWINEDESIGNS,HangTagSimpleColor,Color Printed Single-Sided Hang Tag with White Background,,,0,,,,,,,,,,,,,,,,,,,,
APLUSWINEDESIGNS,L-120,Labeled Chardonnay White Wine with Full Color Custom Label,"750ml, Chardonnay white wine with custom digitally printed full color label.
Proud to have a 5 Star rating for 15 years making us the highest quality custom
labeling and etching company in the industry! All bottles are hand-crafted by
artisans in our CA facility. Customize corporate logos and personalized text for
a striking presentation for your next special occasion: weddings, birthday
parties, and retirement celebrations.",,,,,12,47,42.2167,R,48,107,41.2,R,108,203,36.9833,R,204,299,32.7667,R,300,600,30.85,R
APLUSWINEDESIGNS,L-120,Labeled Chardonnay White Wine with Full Color Custom Label,,,0,,,,,,,,,,,,,,,,,,,,
APLUSWINEDESIGNS,L-124,Labeled Non-Alcoholic Sparkling Grape Juice with Full Color Custom Label,"750ml, non-alcoholic sparkling grape juice with custom digitally printed full
color label. It has better bubbly pop than cider, more similar to champagne.
Proud to have a 5 Star rating for 15 years making us the highest quality custom
labeling and etching company in the industry! Customized corporate logos and
personalized text for a striking presentation for your next special occasion.
Great for parties, weddings, bar mitzvahs and celebrations.",,,,,12,47,42.2167,R,48,107,41.2,R,108,203,36.9833,R,204,299,32.7667,R,300,600,30.85,R
APLUSWINEDESIGNS,L-124,Labeled Non-Alcoholic Sparkling Grape Juice with Full Color Custom Label,,,0,,,,,,,,,,,,,,,,,,,,
APLUSWINEDESIGNS,L-126,Labeled CA Champagne Sparkling Wine with Full Color Custom Label,"750ml, California Champagne sparkling white wine with custom digitally printed
full color label. Proud to have a 5 Star rating for 15 years making us the
highest quality custom labeling and etching company in the industry! Customized
corporate logos and personalized text for a striking presentation for your next
special occasion: weddings, birthday parties, and retirement celebrations. Great
as holiday gifts or real estate sales celebration.",,,,,12,47,42.2167,R,48,107,41.2,R,108,203,36.9833,R,204,299,32.7667,R,300,600,30.85,R
APLUSWINEDESIGNS,L-126,Labeled CA Champagne Sparkling Wine with Full Color Custom Label,,,0,,,,,,,,,,,,,,,,,,,,
APLUSWINEDESIGNS,L-130,Labeled Cabernet Sauvignon Red Wine with Full Color Custom Label,"750ml, Cabernet Sauvignon red wine with custom digitally printed full color
label. Proud to have a 5 Star rating for 15 years making us the highest quality
custom labeling company in the industry! Customized corporate logos and
personalized text for an impressive presentation for your next special occasion
like weddings, retirements or birthday parties, and sales celebrations. Great
company holiday gifts for doctors or law offices.",,,,,12,47,42.2167,R,48,107,41.2,R,108,203,36.9833,R,204,299,32.7667,R,300,600,30.85,R
APLUSWINEDESIGNS,L-130,Labeled Cabernet Sauvignon Red Wine with Full Color Custom Label,,,0,,,,,,,,,,,,,,,,,,,,
APLUSWINEDESIGNS,L-131,Labeled Pinot Noir Red Wine with Full Color Custom Label,"750ml, Pinot Noir red wine with custom digitally printed full color label. Proud
to have a 5 Star rating for 15 years making us the highest quality custom
labeling company in the industry! Customized corporate logos and personalized
text for an impressive presentation for your next special occasion like
weddings, retirements, birthday parties, sales celebrations, employee
recognition, trophies, and company holiday gifts.",,,,,12,47,42.2167,R,48,107,41.2,R,108,203,36.9833,R,204,299,32.7667,R,300,600,30.85,R
APLUSWINEDESIGNS,L-131,Labeled Pinot Noir Red Wine with Full Color Custom Label,,,0,,,,,,,,,,,,,,,,,,,,
APLUSWINEDESIGNS,L-BV,Labeled Balsamic Vinegar with Full Color Custom Label,"500ml, Traditional Balsamic Vinegar. Use as a salad dressing, dip, or marinade.
Bottles are available with a custom digitally printed full color label or with
deep hand etching with optional color fills. Customized corporate logos and
personalized text for an elegant presentation for holiday gifts or special
occasions.",,,,,12,47,30.7667,R,48,107,28.8667,R,108,203,27.6333,R,204,299,25.5667,R,300,600,23.1833,R
APLUSWINEDESIGNS,L-BV,Labeled Balsamic Vinegar with Full Color Custom Label,,,0,,,,,,,,,,,,,,,,,,,,
APLUSWINEDESIGNS,L-EVOO,Labeled Extra Virgin Olive Oil with Full Color Custom Label,"500ml, high quality gourmet Italian Colle Monacesco Extra Virgin Olive Oil. The
flavor is full of lemons, apples, and nuts with some punchy pepper and a sweet
finish. Comes with a full color, digitally printed label.",,,,,12,36,32.15,R,37,144,28.8667,R,145,299,25.5667,R,300,600,23.1833,R
APLUSWINEDESIGNS,L-EVOO,Labeled Extra Virgin Olive Oil with Full Color Custom Label,,,0,,,,,,,,,,,,,,,,,,,,
APLUSWINEDESIGNS,LM-120,Labeled Chardonnay White Wine 1.5L with Full Color Custom Label,"1.5L, Chardonnay white wine with custom digitally printed full color label on
our large magnum bottles. Proud to have a 5 Star rating for 15 years making us
the highest quality custom labeling company in the industry! Customized
corporate logos and personalized text for an impressive presentation for your
next special occasion like weddings, retirements, birthday parties, sales
celebrations, employee recognition, trophies, and gifts.",,,,,12,47,80.3833,R,48,107,79.1,R,108,203,70.9833,R,204,299,66.4333,R,300,600,65.0667,R
APLUSWINEDESIGNS,LM-120,Labeled Chardonnay White Wine 1.5L with Full Color Custom Label,,,0,,,,,,,,,,,,,,,,,,,,
APLUSWINEDESIGNS,LM-126,Labeled CA Champagne Sparking White Wine 1.5L with Full Color Custom Label,"1.5L, California Champagne sparkling white wine with custom digitally printed
full color label on our large magnum bottles. Proud to have a 5 Star rating for
15 years making us the highest quality custom labeling company in the industry!
Customized corporate logos and personalized text for an impressive presentation
for your next special occasion like weddings, retirements, birthday parties,
sales celebrations, employee recognition, and trophies.",,,,,12,47,81.4,R,48,107,80.1167,R,108,203,72,R,204,299,67.45,R,300,600,66.0833,R
APLUSWINEDESIGNS,LM-126,Labeled CA Champagne Sparking White Wine 1.5L with Full Color Custom Label,,,0,,,,,,,,,,,,,,,,,,,,
APLUSWINEDESIGNS,LM-133,Labeled Cabernet/ Merlot Red Wine 1.5L with Full Color Custom Label,"1.5L, Cabernet Sauvignon and Merlot red wine blend with custom digitally printed
full color label on our large magnum bottles. Proud to have a 5 Star rating for
15 years making us the highest quality custom labeling company in the industry!
Customized corporate logos and personalized text for an impressive presentation
for your next special occasion like weddings, retirements, birthdays, sales
celebrations, employee recognition, trophies, and gifts.",,,,,12,47,80.3833,R,48,107,79.1,R,108,203,70.9833,R,204,299,66.4333,R,300,600,65.0667,R
APLUSWINEDESIGNS,LM-133,Labeled Cabernet/ Merlot Red Wine 1.5L with Full Color Custom Label,,,0,,,,,,,,,,,,,,,,,,,,
APLUSWINEDESIGNS,LS-120,Labeled Mini Chardonnay White Wine with Full Color Custom Label,"187ml, California Chardonnay white wine with custom digitally printed full color
label on our popular mini bottles. All bottles are hand-crafted by artisans in
our CA facility. Customize corporate logos and personalized text for your next
special occasion: wedding receptions, birthday parties, and retirement
celebrations.",,,,,24,47,18.3333,R,48,119,17.5,R,120,215,15.8333,R,216,311,14.1667,R,312,624,12.5,R
APLUSWINEDESIGNS,LS-120,Labeled Mini Chardonnay White Wine with Full Color Custom Label,,,0,,,,,,,,,,,,,,,,,,,,
APLUSWINEDESIGNS,LS-121,Labeled Mini Pinot Grigio White Wine with Full Color Custom Label,"187ml, California Pinot Grigio white wine with custom digitally printed full
color label on our popular mini bottles. All bottles are hand-crafted by
artisans in our CA facility. Customize corporate logos and personalized text for
your next special occasion: wedding receptions, birthday parties, and retirement
celebrations.",,,,,24,47,18.3333,R,48,119,17.5,R,120,215,15.8333,R,216,311,14.1667,R,312,624,12.5,R
APLUSWINEDESIGNS,LS-121,Labeled Mini Pinot Grigio White Wine with Full Color Custom Label,,,0,,,,,,,,,,,,,,,,,,,,
APLUSWINEDESIGNS,LS-124,Labeled Mini Non-Alcoholic Sparkling Grape Juice with Full Color Custom Label,"187ml, non-alcoholic sparkling grape juice with custom digitally printed full
color label on our popular mini bottles. It has better bubbly pop than cider,
more similar to champagne. Proud to have a 5 Star rating for 15 years making us
the highest quality custom labeling and etching company in the industry!
Customized corporate logos and personalized text for a striking presentation at
your next special occasion: weddings and bar mitzvahs.",,,,,24,47,16.6667,R,48,119,15.8333,R,120,215,14.1667,R,216,311,12.5,R,312,624,10.8333,R
APLUSWINEDESIGNS,LS-124,Labeled Mini Non-Alcoholic Sparkling Grape Juice with Full Color Custom Label,,,0,,,,,,,,,,,,,,,,,,,,
APLUSWINEDESIGNS,LS-126,Labeled Mini CA Champagne Sparkling Wine with Full Color Custom Label,"187ml, California Champagne sparkling white wine with custom digitally printed
full color label on our popular mini bottles. Proud to have a 5 Star rating for
15 years making us the highest quality custom labeling company in the industry!
Customized corporate logos and personalized text for a striking presentation at
your next special occasion: weddings, retirement parties, real estate sales
celebrations, employee recognition, and holiday gifts.",,,,,24,47,16.6667,R,48,119,15.8333,R,120,215,14.1667,R,216,311,12.5,R,312,624,10.8333,R
APLUSWINEDESIGNS,LS-126,Labeled Mini CA Champagne Sparkling Wine with Full Color Custom Label,,,0,,,,,,,,,,,,,,,,,,,,
APLUSWINEDESIGNS,LS-132,Labeled Mini Merlot Red Wine with Full Color Custom Label,"187ml, Merlot red wine with custom digitally printed full color label on our
popular mini bottles. Customized corporate logos and personalized text for an
impressive presentation for your next special occasion like save the date
invitations, weddings, retirements, birthday parties, sales celebrations, and
holiday gifts.",,,,,24,47,18.3333,R,48,119,17.5,R,120,215,15.8333,R,216,311,14.1667,R,312,624,12.5,R
APLUSWINEDESIGNS,LS-132,Labeled Mini Merlot Red Wine with Full Color Custom Label,,,0,,,,,,,,,,,,,,,,,,,,
APLUSWINEDESIGNS,LS-133,Labeled Mini Red Blend Red Wine with Full Color Custom Label,"187ml, Red Blend red wine with custom digitally printed full color label on our
popular mini bottles. Customized corporate logos and personalized text for an
impressive presentation for your next special occasion like save the date
invitations, weddings, retirements, birthday parties, sales celebrations, and
holiday gifts.",,,,,24,47,18.3333,R,48,119,17.5,R,120,215,15.8333,R,216,311,14.1667,R,312,624,12.5,R
APLUSWINEDESIGNS,LS-133,Labeled Mini Red Blend Red Wine with Full Color Custom Label,,,0,,,,,,,,,,,,,,,,,,,,
APLUSWINEDESIGNS,LS-144,Labeled Mini Rose Wine with Full Color Custom Label,"187ml, Rose wine with custom digitally printed full color label on our popular
mini bottles. Customized corporate logos and personalized text for an impressive
presentation for your next special occasion like save the date invitations,
weddings, retirements, birthday parties, sales celebrations, and holiday gifts.",,,,,24,47,18.3333,R,48,119,17.5,R,120,215,15.8333,R,216,311,14.1667,R,312,624,12.5,R
APLUSWINEDESIGNS,LS-144,Labeled Mini Rose Wine with Full Color Custom Label,,,0,,,,,,,,,,,,,,,,,,,,
APLUSWINEDESIGNS,LS-Nicolas,Labeled Mini Nicolas Feuillatte Brut with Full Color Custom Label,"187 ml mini champagne with full color custom label. Light, fresh and vibrant
Champagne, effusing intense, expressive fruit, while extensive cellar-ageing
brings appealing maturity to perfect style and consistency. Aromas of juicy pear
and crunchy apricot merge and weave in a beguiling fusion around a mass of
delicate bubbles.Great as save the date invitations, wedding favors, and company
gifts!",,,,,24,47,35.4,R,48,119,33.3833,R,120,215,31.7167,R,216,311,30.05,R,312,624,28.3833,R
APLUSWINEDESIGNS,LS-Nicolas,Labeled Mini Nicolas Feuillatte Brut with Full Color Custom Label,,,0,,,,,,,,,,,,,,,,,,,,
APLUSWINEDESIGNS,Let'sCelebrate,Sparkling Wine Kit with Mini Bottle & Stemless Flute,"Gift set includes 1 mini 187ml sparkling wine and 1 stemless flute. Name brand
and non alcoholic sparkling options available. The wine and glass are nestled
with crinkle paper to complete the presentation. An impressive holiday or thank
you gift for clients and friends.",,,,,12,47,58.9167,R,48,107,58.3833,R,108,203,58.2167,R,204,299,58.05,R,300,600,57.4167,R
APLUSWINEDESIGNS,Let'sCelebrate,Sparkling Wine Kit with Mini Bottle & Stemless Flute,,,0,,,,,,,,,,,,,,,,,,,,
APLUSWINEDESIGNS,WineFlight,Rustic Laser Engraved Wood Box with 4 Etched Mini Wines,"Gift set includes your choice of 4 etched mini wines inside our slide top wood
box laser engraved with your message or company logo. Wine is available in Red
Blend, Merlot, Rose, Pinot Grigio, and Chardonnay. The mini wines are nestled in
excelsior wood shavings to complete the presentation. An impressive holiday or
thank you gift for clients and friends. Box dimensions are 12.5"" x 9.25"" x 3.5.""",,,,,12,47,146.05,R,48,107,135.1333,R,108,203,133.0167,R,204,299,128.0833,R,300,600,126.1667,R
APLUSWINEDESIGNS,WineFlight,Rustic Laser Engraved Wood Box with 4 Etched Mini Wines,,,0,,,,,,,,,,,,,,,,,,,,
APLUSWINEDESIGNS,YesWayRose,Rose Wine Kit with Mini Rose Bottle & Stemless Taster,"Gift set includes 1 mini 187ml rose wine and 1 stemless taster glass 6.25 oz.
Name brand and non alcoholic sparkling options available. The wine and glass are
nestled with crinkle paper to complete the presentation. An impressive holiday
or thank you gift for clients and friends.",,,,,12,47,56.1167,R,48,107,55.5333,R,108,203,55.3667,R,204,299,55.2,R,300,600,54.5667,R
APLUSWINEDESIGNS,YesWayRose,Rose Wine Kit with Mini Rose Bottle & Stemless Taster,,,0,,,,,,,,,,,,,,,,,,,,
